삼성전자,A005930,20210201,1530,83000,83000,83000,83000,1199990
삼성전자,A005930,20210201,1520,82900,83000,82800,83000,372290
삼성전자,A005930,20210201,1515,82700,82900,82600,82900,340320
삼성전자,A005930,20210201,1510,82500,82700,82500,82600,248129
삼성전자,A005930,20210201,1505,82700,82700,82500,82500,216360
삼성전자,A005930,20210201,1500,82700,82700,82500,82600,272777
삼성전자,A005930,20210201,1455,82700,82700,82500,82700,282608
삼성전자,A005930,20210201,1450,82700,82800,82600,82700,219170
삼성전자,A005930,20210201,1445,82500,82800,82500,82700,241121
삼성전자,A005930,20210201,1440,82600,82800,82500,82600,279551
삼성전자,A005930,20210201,1435,82800,82800,82600,82700,215679
삼성전자,A005930,20210201,1430,82800,83000,82600,82700,477448
삼성전자,A005930,20210201,1425,82900,83000,82800,82900,203868
삼성전자,A005930,20210201,1420,82800,83000,82800,83000,137535
삼성전자,A005930,20210201,1415,82900,83000,82800,82900,167497
삼성전자,A005930,20210201,1410,82900,83000,82800,82900,245925
삼성전자,A005930,20210201,1405,83000,83000,82900,82900,122256
삼성전자,A005930,20210201,1400,82900,83000,82800,82900,129599
삼성전자,A005930,20210201,1355,82900,83000,82800,82900,190735
삼성전자,A005930,20210201,1350,82900,82900,82700,82900,160106
삼성전자,A005930,20210201,1345,83000,83000,82700,82800,199166
삼성전자,A005930,20210201,1340,82900,83000,82700,83000,165683
삼성전자,A005930,20210201,1335,83000,83000,82800,82900,174818
삼성전자,A005930,20210201,1330,83100,83100,82900,83000,155887
삼성전자,A005930,20210201,1325,82900,83100,82900,83100,120914
삼성전자,A005930,20210201,1320,82800,83000,82800,82900,175478
삼성전자,A005930,20210201,1315,82800,83000,82600,82900,310692
삼성전자,A005930,20210201,1310,83000,83100,82700,82900,214037
삼성전자,A005930,20210201,1305,82800,83100,82800,83100,179984
삼성전자,A005930,20210201,1300,83100,83100,82800,82800,232356
삼성전자,A005930,20210201,1255,83100,83200,83000,83100,240646
삼성전자,A005930,20210201,1250,83200,83200,83000,83200,248673
삼성전자,A005930,20210201,1245,83000,83200,82900,83200,249766
삼성전자,A005930,20210201,1240,83100,83200,83000,83100,171543
삼성전자,A005930,20210201,1235,83100,83200,82900,83100,288105
삼성전자,A005930,20210201,1230,82900,83100,82800,83000,273801
삼성전자,A005930,20210201,1225,82800,83000,82700,83000,240931
삼성전자,A005930,20210201,1220,82700,82800,82500,82800,188655
삼성전자,A005930,20210201,1215,82700,82800,82500,82600,252753
삼성전자,A005930,20210201,1210,82800,82900,82600,82700,279612
삼성전자,A005930,20210201,1205,82700,82800,82500,82800,139276
삼성전자,A005930,20210201,1200,82700,82700,82500,82700,146237
삼성전자,A005930,20210201,1155,82700,82800,82500,82700,199932
삼성전자,A005930,20210201,1150,82600,82700,82400,82700,163469
삼성전자,A005930,20210201,1145,82300,82600,82200,82600,226575
삼성전자,A005930,20210201,1140,82600,82700,82300,82300,251640
삼성전자,A005930,20210201,1135,82700,82800,82600,82600,167503
삼성전자,A005930,20210201,1130,82800,82900,82600,82700,196417
삼성전자,A005930,20210201,1125,82700,82900,82700,82900,104111
삼성전자,A005930,20210201,1120,82500,82800,82500,82800,155773
삼성전자,A005930,20210201,1115,82500,82600,82300,82500,331459
삼성전자,A005930,20210201,1110,82900,83000,82500,82600,265673
삼성전자,A005930,20210201,1105,83000,83000,82700,82900,327814
삼성전자,A005930,20210201,1100,83200,83200,82900,82900,326090
삼성전자,A005930,20210201,1055,83200,83300,83000,83200,230710
삼성전자,A005930,20210201,1050,83200,83400,83000,83100,378542
삼성전자,A005930,20210201,1045,83300,83400,83100,83200,545878
삼성전자,A005930,20210201,1040,82900,83300,82800,83300,511379
삼성전자,A005930,20210201,1035,82800,82900,82500,82900,379407
삼성전자,A005930,20210201,1030,82600,82800,82500,82700,213464
삼성전자,A005930,20210201,1025,82500,82600,82300,82600,202900
삼성전자,A005930,20210201,1020,82300,82600,82200,82400,235007
삼성전자,A005930,20210201,1015,82300,82500,82100,82400,355498
삼성전자,A005930,20210201,1010,82800,82900,82300,82400,542061
삼성전자,A005930,20210201,1005,82200,82800,82200,82700,588434
삼성전자,A005930,20210201,1000,82300,82400,82100,82300,346896
삼성전자,A005930,20210201,955,82100,82400,82000,82300,419421
삼성전자,A005930,20210201,950,81900,82300,81900,82100,482117
삼성전자,A005930,20210201,945,81800,82000,81600,81900,440480
삼성전자,A005930,20210201,940,82000,82100,81500,81800,415014
삼성전자,A005930,20210201,935,81600,82100,81500,82100,468627
삼성전자,A005930,20210201,930,82200,82300,81600,81600,659718
삼성전자,A005930,20210201,925,81900,82200,81800,82200,681117
삼성전자,A005930,20210201,920,81800,81900,81600,81900,695242
삼성전자,A005930,20210201,915,81400,81800,81300,81700,949810
삼성전자,A005930,20210201,910,81600,81700,81000,81400,1803395
삼성전자,A005930,20210201,905,81700,82300,81400,81600,3150506
삼성전자,A005930,20210129,1530,82000,82000,82000,82000,5896808
삼성전자,A005930,20210129,1520,82400,83000,82200,83000,1111611
삼성전자,A005930,20210129,1515,82600,82700,82300,82400,812354
삼성전자,A005930,20210129,1510,82700,82700,82600,82700,332818
삼성전자,A005930,20210129,1505,82800,82900,82500,82700,545891
삼성전자,A005930,20210129,1500,82800,83100,82700,82900,558222
삼성전자,A005930,20210129,1455,82500,82800,82500,82800,466801
삼성전자,A005930,20210129,1450,82500,82700,82500,82600,319645
삼성전자,A005930,20210129,1445,82200,82600,82100,82500,513684
삼성전자,A005930,20210129,1440,82100,82300,82100,82200,507515
삼성전자,A005930,20210129,1435,82200,82300,82000,82100,831509
삼성전자,A005930,20210129,1430,82600,82600,82200,82200,863059
삼성전자,A005930,20210129,1425,82600,82700,82500,82600,356090
삼성전자,A005930,20210129,1420,82600,82700,82500,82500,347586
삼성전자,A005930,20210129,1415,82600,82700,82500,82600,466184
삼성전자,A005930,20210129,1410,82600,82700,82500,82500,304306
삼성전자,A005930,20210129,1405,82700,82800,82500,82500,469410
삼성전자,A005930,20210129,1400,82800,82800,82600,82700,275096
삼성전자,A005930,20210129,1355,82900,82900,82600,82800,290435
삼성전자,A005930,20210129,1350,82600,82900,82600,82900,455882
삼성전자,A005930,20210129,1345,82900,82900,82600,82600,341543
삼성전자,A005930,20210129,1340,83000,83000,82800,82900,237765
삼성전자,A005930,20210129,1335,82900,83000,82700,82900,530672
삼성전자,A005930,20210129,1330,83100,83100,82700,82800,567093
삼성전자,A005930,20210129,1325,83000,83200,82900,83100,662038
삼성전자,A005930,20210129,1320,83100,83200,82900,83000,862894
삼성전자,A005930,20210129,1315,83300,83300,83000,83000,738296
삼성전자,A005930,20210129,1310,83300,83400,83200,83300,198043
삼성전자,A005930,20210129,1305,83300,83400,83200,83300,204010
삼성전자,A005930,20210129,1300,83600,83600,83300,83300,151062
삼성전자,A005930,20210129,1255,83400,83600,83400,83500,195767
삼성전자,A005930,20210129,1250,83400,83600,83100,83400,415909
삼성전자,A005930,20210129,1245,83200,83400,83100,83400,400836
삼성전자,A005930,20210129,1240,83500,83500,83200,83300,351021
삼성전자,A005930,20210129,1235,83300,83600,83300,83400,296895
삼성전자,A005930,20210129,1230,83600,83600,83300,83300,581461
삼성전자,A005930,20210129,1225,83700,83700,83500,83600,290026
삼성전자,A005930,20210129,1220,83900,83900,83600,83700,264218
삼성전자,A005930,20210129,1215,83900,83900,83800,83900,60738
삼성전자,A005930,20210129,1210,83800,83900,83700,83800,102227
삼성전자,A005930,20210129,1205,83800,84000,83700,83700,190039
삼성전자,A005930,20210129,1200,83800,83900,83700,83700,115838
삼성전자,A005930,20210129,1155,84000,84000,83800,83800,103205
삼성전자,A005930,20210129,1150,83800,84000,83700,84000,120480
삼성전자,A005930,20210129,1145,83700,83800,83600,83800,176747
삼성전자,A005930,20210129,1140,83800,83900,83600,83700,190453
삼성전자,A005930,20210129,1135,83800,83800,83600,83700,257028
삼성전자,A005930,20210129,1130,83800,83900,83700,83800,158056
삼성전자,A005930,20210129,1125,83900,84000,83700,83800,132335
삼성전자,A005930,20210129,1120,84000,84000,83800,83900,172912
삼성전자,A005930,20210129,1115,83800,84100,83700,84000,142149
삼성전자,A005930,20210129,1110,83900,84000,83700,83800,160935
삼성전자,A005930,20210129,1105,83800,84000,83700,83800,153669
삼성전자,A005930,20210129,1100,83900,84000,83600,83800,452710
삼성전자,A005930,20210129,1055,84200,84200,83900,83900,215181
삼성전자,A005930,20210129,1050,84100,84300,84100,84100,177045
삼성전자,A005930,20210129,1045,84300,84300,84100,84200,135806
삼성전자,A005930,20210129,1040,84500,84600,84200,84300,198504
삼성전자,A005930,20210129,1035,84500,84700,84400,84600,265760
삼성전자,A005930,20210129,1030,84700,84800,84400,84500,296167
삼성전자,A005930,20210129,1025,84400,84700,84300,84700,314082
삼성전자,A005930,20210129,1020,84400,84500,84200,84400,249755
삼성전자,A005930,20210129,1015,84100,84600,84000,84400,603908
삼성전자,A005930,20210129,1010,83800,84300,83800,84100,521181
삼성전자,A005930,20210129,1005,83600,83900,83500,83800,348251
삼성전자,A005930,20210129,1000,83800,83900,83500,83600,298458
삼성전자,A005930,20210129,955,83900,84000,83600,83800,275823
삼성전자,A005930,20210129,950,83700,84000,83600,83800,450226
삼성전자,A005930,20210129,945,83900,84000,83600,83700,507469
삼성전자,A005930,20210129,940,84100,84100,83800,84000,302487
삼성전자,A005930,20210129,935,84100,84100,83700,84100,679533
삼성전자,A005930,20210129,930,84300,84400,84000,84100,479570
삼성전자,A005930,20210129,925,84600,84700,84200,84300,428816
삼성전자,A005930,20210129,920,84400,84800,84300,84600,460368
삼성전자,A005930,20210129,915,84300,84500,84100,84400,523840
삼성전자,A005930,20210129,910,84600,84800,84200,84300,795042
삼성전자,A005930,20210129,905,84500,85000,84100,84500,2469392
삼성전자,A005930,20210128,1530,83700,83700,83700,83700,1551920
삼성전자,A005930,20210128,1520,83500,83500,83400,83500,537557
삼성전자,A005930,20210128,1515,83600,83600,83400,83500,607153
삼성전자,A005930,20210128,1510,83500,83700,83500,83600,582588
삼성전자,A005930,20210128,1505,83800,83800,83500,83600,474632
삼성전자,A005930,20210128,1500,83700,83800,83600,83800,221055
삼성전자,A005930,20210128,1455,83600,83700,83500,83600,375326
삼성전자,A005930,20210128,1450,83700,83700,83500,83500,425046
삼성전자,A005930,20210128,1445,83700,83800,83600,83700,335409
삼성전자,A005930,20210128,1440,83900,83900,83700,83700,205101
삼성전자,A005930,20210128,1435,83900,83900,83700,83900,189783
삼성전자,A005930,20210128,1430,83800,84000,83700,83900,303507
삼성전자,A005930,20210128,1425,83900,84000,83700,83800,331113
삼성전자,A005930,20210128,1420,83900,84200,83900,84000,444826
삼성전자,A005930,20210128,1415,83900,84000,83800,84000,172543
삼성전자,A005930,20210128,1410,84000,84000,83800,83900,215761
삼성전자,A005930,20210128,1405,83800,84100,83700,84000,447293
삼성전자,A005930,20210128,1400,83700,83800,83600,83800,267464
삼성전자,A005930,20210128,1355,83700,83700,83500,83600,239115
삼성전자,A005930,20210128,1350,83500,83700,83500,83700,364217
삼성전자,A005930,20210128,1345,83400,83700,83400,83600,453859
삼성전자,A005930,20210128,1340,83600,83600,83300,83500,1242323
삼성전자,A005930,20210128,1335,83800,83800,83500,83600,471331
삼성전자,A005930,20210128,1330,83600,83800,83600,83700,315240
삼성전자,A005930,20210128,1325,83900,83900,83600,83700,696863
삼성전자,A005930,20210128,1320,83900,83900,83800,83900,111925
삼성전자,A005930,20210128,1315,84000,84000,83800,83900,239877
삼성전자,A005930,20210128,1310,83900,84100,83900,84000,350551
삼성전자,A005930,20210128,1305,84000,84100,83900,84000,329791
삼성전자,A005930,20210128,1300,83900,84100,83800,84000,422074
삼성전자,A005930,20210128,1255,83800,83900,83800,83900,113814
삼성전자,A005930,20210128,1250,83800,84000,83800,83900,189700
삼성전자,A005930,20210128,1245,83800,84000,83800,83900,247534
삼성전자,A005930,20210128,1240,84100,84100,83800,83800,456034
삼성전자,A005930,20210128,1235,84100,84100,84000,84100,126754
삼성전자,A005930,20210128,1230,84300,84300,84000,84000,217070
삼성전자,A005930,20210128,1225,84200,84300,84200,84300,88725
삼성전자,A005930,20210128,1220,84100,84300,84000,84300,277859
삼성전자,A005930,20210128,1215,84000,84100,83900,84100,235472
삼성전자,A005930,20210128,1210,84100,84100,83900,83900,562688
삼성전자,A005930,20210128,1205,84200,84200,84000,84100,151288
삼성전자,A005930,20210128,1200,84100,84300,84000,84200,371572
삼성전자,A005930,20210128,1155,84200,84300,84000,84100,326967
삼성전자,A005930,20210128,1150,84400,84400,84100,84100,354560
삼성전자,A005930,20210128,1145,84400,84500,84300,84300,101132
삼성전자,A005930,20210128,1140,84500,84600,84300,84500,194194
삼성전자,A005930,20210128,1135,84500,84600,84300,84600,196306
삼성전자,A005930,20210128,1130,84600,84700,84400,84500,311597
삼성전자,A005930,20210128,1125,84600,84900,84500,84700,156136
삼성전자,A005930,20210128,1120,84600,84800,84500,84600,241641
삼성전자,A005930,20210128,1115,84900,84900,84500,84700,284182
삼성전자,A005930,20210128,1110,85100,85200,84800,84900,229355
삼성전자,A005930,20210128,1105,85100,85300,85000,85100,167151
삼성전자,A005930,20210128,1100,85400,85500,85100,85200,162187
삼성전자,A005930,20210128,1055,85400,85500,85200,85400,213809
삼성전자,A005930,20210128,1050,85200,85400,85100,85300,196281
삼성전자,A005930,20210128,1045,84800,85300,84700,85200,227667
삼성전자,A005930,20210128,1040,84900,85000,84700,84700,176946
삼성전자,A005930,20210128,1035,85300,85400,84700,84900,382912
삼성전자,A005930,20210128,1030,85200,85400,84900,85300,295218
삼성전자,A005930,20210128,1025,85100,85600,85000,85300,605846
삼성전자,A005930,20210128,1020,84700,85100,84600,85100,402256
삼성전자,A005930,20210128,1015,84600,84700,84500,84700,273751
삼성전자,A005930,20210128,1010,84400,84600,84300,84500,319834
삼성전자,A005930,20210128,1005,84000,84400,83900,84400,397954
삼성전자,A005930,20210128,1000,84000,84100,83900,83900,470545
삼성전자,A005930,20210128,955,84200,84300,84000,84000,440428
삼성전자,A005930,20210128,950,84200,84300,84100,84200,334787
삼성전자,A005930,20210128,945,84100,84200,84000,84200,279005
삼성전자,A005930,20210128,940,84200,84300,84000,84100,493153
삼성전자,A005930,20210128,935,83800,84200,83700,84200,502299
삼성전자,A005930,20210128,930,83900,84000,83700,83800,670750
삼성전자,A005930,20210128,925,84200,84300,83900,84000,887180
삼성전자,A005930,20210128,920,84600,84600,84100,84100,784443
삼성전자,A005930,20210128,915,84300,84800,84200,84600,736977
삼성전자,A005930,20210128,910,84000,84400,83900,84400,1175066
삼성전자,A005930,20210128,905,83200,84100,83200,83900,2642708
삼성전자,A005930,20210127,1530,85600,85600,85600,85600,1975739
삼성전자,A005930,20210127,1520,86100,86100,85900,85900,632488
삼성전자,A005930,20210127,1515,86100,86200,86000,86100,336042
삼성전자,A005930,20210127,1510,86100,86100,86000,86100,327846
삼성전자,A005930,20210127,1505,86100,86300,86000,86100,261992
삼성전자,A005930,20210127,1500,86300,86400,86100,86100,141781
삼성전자,A005930,20210127,1455,86100,86500,86000,86400,361265
삼성전자,A005930,20210127,1450,86200,86300,86000,86100,170980
삼성전자,A005930,20210127,1445,86300,86300,86100,86300,206397
삼성전자,A005930,20210127,1440,86100,86400,86100,86300,245312
삼성전자,A005930,20210127,1435,86500,86500,86000,86100,298669
삼성전자,A005930,20210127,1430,86300,86500,86200,86400,249531
삼성전자,A005930,20210127,1425,86600,86600,86200,86300,190303
삼성전자,A005930,20210127,1420,86400,86600,86300,86600,146450
삼성전자,A005930,20210127,1415,86400,86600,86300,86300,254873
삼성전자,A005930,20210127,1410,86200,86600,86200,86300,252112
삼성전자,A005930,20210127,1405,86100,86400,86100,86200,226396
삼성전자,A005930,20210127,1400,85900,86200,85900,86200,231487
삼성전자,A005930,20210127,1355,85900,86000,85900,86000,131509
삼성전자,A005930,20210127,1350,86000,86000,85800,85900,288176
삼성전자,A005930,20210127,1345,85800,86000,85800,86000,306886
삼성전자,A005930,20210127,1340,85900,86000,85800,85800,378862
삼성전자,A005930,20210127,1335,86000,86100,85900,85900,336163
삼성전자,A005930,20210127,1330,86200,86200,86000,86000,331698
삼성전자,A005930,20210127,1325,86100,86200,86100,86100,62131
삼성전자,A005930,20210127,1320,86200,86200,86100,86100,65556
삼성전자,A005930,20210127,1315,86100,86200,86000,86100,118452
삼성전자,A005930,20210127,1310,86100,86200,86000,86100,252430
삼성전자,A005930,20210127,1305,86200,86200,86000,86100,242039
삼성전자,A005930,20210127,1300,86200,86200,86100,86200,63672
삼성전자,A005930,20210127,1255,86100,86400,86100,86200,345366
삼성전자,A005930,20210127,1250,86200,86200,86100,86100,92700
삼성전자,A005930,20210127,1245,86300,86300,86100,86200,135678
삼성전자,A005930,20210127,1240,86400,86400,86200,86300,101482
삼성전자,A005930,20210127,1235,86400,86500,86300,86400,122418
삼성전자,A005930,20210127,1230,86200,86400,86100,86300,120328
삼성전자,A005930,20210127,1225,86300,86300,86000,86200,174488
삼성전자,A005930,20210127,1220,85900,86300,85900,86300,237124
삼성전자,A005930,20210127,1215,86000,86100,85900,86000,709328
삼성전자,A005930,20210127,1210,86200,86200,86000,86100,328056
삼성전자,A005930,20210127,1205,86100,86200,86000,86200,490830
삼성전자,A005930,20210127,1200,86100,86300,86100,86200,218468
삼성전자,A005930,20210127,1155,86300,86300,86100,86200,199238
삼성전자,A005930,20210127,1150,86200,86300,86100,86200,212951
삼성전자,A005930,20210127,1145,86400,86400,86100,86200,573001
삼성전자,A005930,20210127,1140,86500,86500,86300,86400,164829
삼성전자,A005930,20210127,1135,86500,86600,86400,86500,159540
삼성전자,A005930,20210127,1130,86300,86600,86200,86600,299464
삼성전자,A005930,20210127,1125,86700,86700,86200,86300,487210
삼성전자,A005930,20210127,1120,86600,86700,86400,86600,301658
삼성전자,A005930,20210127,1115,86800,86800,86500,86600,364635
삼성전자,A005930,20210127,1110,86800,87000,86700,86700,210980
삼성전자,A005930,20210127,1105,87000,87200,86800,86800,288328
삼성전자,A005930,20210127,1100,87300,87400,87000,87000,229463
삼성전자,A005930,20210127,1055,87400,87400,87100,87200,208010
삼성전자,A005930,20210127,1050,87600,87600,87300,87300,268828
삼성전자,A005930,20210127,1045,87500,87700,87500,87500,235155
삼성전자,A005930,20210127,1040,87400,87600,87200,87600,240895
삼성전자,A005930,20210127,1035,87600,87700,87300,87400,322581
삼성전자,A005930,20210127,1030,87500,87700,87400,87600,414150
삼성전자,A005930,20210127,1025,87300,87600,87300,87400,343405
삼성전자,A005930,20210127,1020,87300,87400,87200,87400,188843
삼성전자,A005930,20210127,1015,87300,87400,87000,87300,249803
삼성전자,A005930,20210127,1010,87300,87500,87200,87300,287134
삼성전자,A005930,20210127,1005,87000,87400,87000,87400,271945
삼성전자,A005930,20210127,1000,87000,87200,86900,87100,254604
삼성전자,A005930,20210127,955,87000,87100,86900,87000,95213
삼성전자,A005930,20210127,950,86800,87100,86800,87000,227378
삼성전자,A005930,20210127,945,86900,87100,86700,86900,272604
삼성전자,A005930,20210127,940,87000,87100,86800,86900,259913
삼성전자,A005930,20210127,935,86900,87100,86700,87000,338660
삼성전자,A005930,20210127,930,86500,87100,86400,86900,411968
삼성전자,A005930,20210127,925,86600,86600,86200,86500,364334
삼성전자,A005930,20210127,920,86400,86700,86200,86600,499473
삼성전자,A005930,20210127,915,86600,86900,86300,86400,941051
삼성전자,A005930,20210127,910,87300,87300,86600,86700,517248
삼성전자,A005930,20210127,905,86600,87400,86600,87300,1620967
삼성전자,A005930,20210126,1530,86700,86700,86700,86700,1972665
삼성전자,A005930,20210126,1520,86900,87200,86800,87200,462841
삼성전자,A005930,20210126,1515,86800,87000,86700,86900,387324
삼성전자,A005930,20210126,1510,86700,86800,86600,86700,311016
삼성전자,A005930,20210126,1505,86700,86900,86600,86700,433915
삼성전자,A005930,20210126,1500,86600,86800,86600,86700,351515
삼성전자,A005930,20210126,1455,86700,86700,86600,86700,283550
삼성전자,A005930,20210126,1450,86500,86700,86500,86700,420004
삼성전자,A005930,20210126,1445,86700,86700,86500,86600,562917
삼성전자,A005930,20210126,1440,86700,86700,86600,86700,296231
삼성전자,A005930,20210126,1435,86600,86800,86600,86700,281759
삼성전자,A005930,20210126,1430,86700,86800,86600,86700,319188
삼성전자,A005930,20210126,1425,86800,86800,86600,86800,518520
삼성전자,A005930,20210126,1420,86900,86900,86700,86800,258350
삼성전자,A005930,20210126,1415,86800,87000,86700,86900,300612
삼성전자,A005930,20210126,1410,86900,87000,86700,86800,335465
삼성전자,A005930,20210126,1405,86700,87000,86600,86900,258376
삼성전자,A005930,20210126,1400,86600,86700,86500,86700,404231
삼성전자,A005930,20210126,1355,86700,86700,86500,86600,613812
삼성전자,A005930,20210126,1350,86600,86700,86600,86700,179638
삼성전자,A005930,20210126,1345,86600,86700,86500,86700,297856
삼성전자,A005930,20210126,1340,86800,86800,86500,86600,723939
삼성전자,A005930,20210126,1335,86800,86900,86700,86800,577386
삼성전자,A005930,20210126,1330,86900,87000,86800,86800,280064
삼성전자,A005930,20210126,1325,87000,87000,86800,86900,568005
삼성전자,A005930,20210126,1320,87100,87100,86900,87000,559091
삼성전자,A005930,20210126,1315,87100,87200,87000,87000,170137
삼성전자,A005930,20210126,1310,87100,87200,87000,87200,242171
삼성전자,A005930,20210126,1305,87200,87200,87000,87200,239740
삼성전자,A005930,20210126,1300,87100,87200,87000,87200,244227
삼성전자,A005930,20210126,1255,87100,87100,87000,87100,109659
삼성전자,A005930,20210126,1250,87000,87100,87000,87100,73217
삼성전자,A005930,20210126,1245,87000,87100,86900,87100,378340
삼성전자,A005930,20210126,1240,87000,87100,86900,87000,1185547
삼성전자,A005930,20210126,1235,87200,87200,87000,87100,508551
삼성전자,A005930,20210126,1230,87300,87300,87100,87200,356722
삼성전자,A005930,20210126,1225,87400,87400,87200,87300,149571
삼성전자,A005930,20210126,1220,87300,87500,87200,87400,215570
삼성전자,A005930,20210126,1215,87200,87300,87100,87300,238929
삼성전자,A005930,20210126,1210,87200,87200,87100,87200,140969
삼성전자,A005930,20210126,1205,87200,87200,87100,87200,133520
삼성전자,A005930,20210126,1200,87200,87300,87100,87200,219799
삼성전자,A005930,20210126,1155,87200,87200,87100,87200,135053
삼성전자,A005930,20210126,1150,87300,87300,87100,87100,217139
삼성전자,A005930,20210126,1145,87300,87400,87200,87300,151269
삼성전자,A005930,20210126,1140,87200,87400,87100,87300,409896
삼성전자,A005930,20210126,1135,87200,87200,87100,87100,151677
삼성전자,A005930,20210126,1130,87100,87200,87000,87200,163595
삼성전자,A005930,20210126,1125,87200,87200,87000,87200,517387
삼성전자,A005930,20210126,1120,87200,87300,87100,87200,290193
삼성전자,A005930,20210126,1115,87400,87400,87100,87100,421808
삼성전자,A005930,20210126,1110,87600,87600,87300,87300,329408
삼성전자,A005930,20210126,1105,87600,87700,87500,87600,249701
삼성전자,A005930,20210126,1100,87500,87600,87400,87500,557048
삼성전자,A005930,20210126,1055,87400,87500,87300,87500,369075
삼성전자,A005930,20210126,1050,87300,87400,87100,87400,496313
삼성전자,A005930,20210126,1045,87500,87500,87200,87300,556771
삼성전자,A005930,20210126,1040,87700,87700,87400,87500,710221
삼성전자,A005930,20210126,1035,87700,87700,87600,87600,235741
삼성전자,A005930,20210126,1030,87800,87800,87600,87700,289233
삼성전자,A005930,20210126,1025,87800,87900,87700,87800,267890
삼성전자,A005930,20210126,1020,87900,87900,87700,87800,502528
삼성전자,A005930,20210126,1015,88100,88100,87800,87800,970409
삼성전자,A005930,20210126,1010,88200,88200,88000,88100,279661
삼성전자,A005930,20210126,1005,88000,88200,88000,88200,231515
삼성전자,A005930,20210126,1000,88200,88200,88000,88000,336723
삼성전자,A005930,20210126,955,88200,88300,88100,88200,330306
삼성전자,A005930,20210126,950,88200,88300,88100,88200,191693
삼성전자,A005930,20210126,945,88300,88300,88100,88200,369285
삼성전자,A005930,20210126,940,88100,88300,88000,88300,489565
삼성전자,A005930,20210126,935,88300,88300,88000,88100,536730
삼성전자,A005930,20210126,930,88300,88300,88100,88300,427229
삼성전자,A005930,20210126,925,88600,88600,88100,88300,761146
삼성전자,A005930,20210126,920,88600,88600,88300,88600,703284
삼성전자,A005930,20210126,915,88900,88900,88500,88600,464156
삼성전자,A005930,20210126,910,88800,88900,88400,88900,780179
삼성전자,A005930,20210126,905,88800,89200,88600,88800,2189760
삼성전자,A005930,20210125,1530,89400,89400,89400,89400,1168274
삼성전자,A005930,20210125,1520,89700,89700,89500,89600,363012
삼성전자,A005930,20210125,1515,89500,89700,89500,89700,252716
삼성전자,A005930,20210125,1510,89700,89700,89500,89600,264562
삼성전자,A005930,20210125,1505,89700,89800,89600,89600,204761
삼성전자,A005930,20210125,1500,89700,89800,89600,89700,302547
삼성전자,A005930,20210125,1455,89800,89900,89600,89800,429751
삼성전자,A005930,20210125,1450,89600,89900,89600,89800,413280
삼성전자,A005930,20210125,1445,89500,89900,89500,89600,661212
삼성전자,A005930,20210125,1440,89500,89700,89400,89600,746348
삼성전자,A005930,20210125,1435,89200,89500,89200,89500,416052
삼성전자,A005930,20210125,1430,89300,89400,89200,89200,299550
삼성전자,A005930,20210125,1425,89300,89400,89200,89300,373824
삼성전자,A005930,20210125,1420,88900,89400,88900,89300,1092221
삼성전자,A005930,20210125,1415,88900,89000,88800,88900,334497
삼성전자,A005930,20210125,1410,88800,88900,88600,88900,188695
삼성전자,A005930,20210125,1405,88800,88900,88700,88700,249561
삼성전자,A005930,20210125,1400,89000,89000,88800,88900,231855
삼성전자,A005930,20210125,1355,89000,89000,88900,88900,140378
삼성전자,A005930,20210125,1350,88900,89000,88900,88900,163510
삼성전자,A005930,20210125,1345,88900,89000,88800,88900,265329
삼성전자,A005930,20210125,1340,88900,89000,88800,88900,281278
삼성전자,A005930,20210125,1335,89000,89000,88900,88900,96336
삼성전자,A005930,20210125,1330,88800,89000,88800,89000,309048
삼성전자,A005930,20210125,1325,88800,88900,88700,88800,285797
삼성전자,A005930,20210125,1320,88700,88900,88700,88900,279709
삼성전자,A005930,20210125,1315,88700,88800,88600,88700,179268
삼성전자,A005930,20210125,1310,88700,88800,88600,88800,122847
삼성전자,A005930,20210125,1305,88700,88800,88600,88600,261960
삼성전자,A005930,20210125,1300,88600,88700,88500,88600,226979
삼성전자,A005930,20210125,1255,88700,88700,88500,88500,114351
삼성전자,A005930,20210125,1250,88800,88800,88600,88700,122576
삼성전자,A005930,20210125,1245,88600,88800,88600,88700,135547
삼성전자,A005930,20210125,1240,88700,88800,88500,88700,156468
삼성전자,A005930,20210125,1235,88700,88800,88600,88800,115729
삼성전자,A005930,20210125,1230,88800,88900,88700,88700,311476
삼성전자,A005930,20210125,1225,88800,88900,88700,88900,236263
삼성전자,A005930,20210125,1220,88600,88800,88500,88700,173941
삼성전자,A005930,20210125,1215,88700,88700,88500,88500,201371
삼성전자,A005930,20210125,1210,88800,88900,88600,88600,160328
삼성전자,A005930,20210125,1205,88700,88900,88500,88800,509421
삼성전자,A005930,20210125,1200,88800,88900,88600,88600,430008
삼성전자,A005930,20210125,1155,88600,89000,88600,88900,971301
삼성전자,A005930,20210125,1150,88400,88800,88300,88700,734339
삼성전자,A005930,20210125,1145,88200,88500,88200,88400,471536
삼성전자,A005930,20210125,1140,88100,88400,88000,88200,727119
삼성전자,A005930,20210125,1135,88100,88100,87900,88000,201193
삼성전자,A005930,20210125,1130,88000,88100,87900,88000,391641
삼성전자,A005930,20210125,1125,87900,88000,87800,88000,280189
삼성전자,A005930,20210125,1120,87800,87900,87700,87800,146644
삼성전자,A005930,20210125,1115,87900,87900,87800,87800,96565
삼성전자,A005930,20210125,1110,87800,87900,87700,87900,141765
삼성전자,A005930,20210125,1105,87600,87800,87600,87800,142547
삼성전자,A005930,20210125,1100,87500,87700,87400,87600,362745
삼성전자,A005930,20210125,1055,87700,87800,87500,87500,189272
삼성전자,A005930,20210125,1050,87700,87800,87600,87700,89812
삼성전자,A005930,20210125,1045,87700,87800,87600,87700,163662
삼성전자,A005930,20210125,1040,87800,87800,87600,87600,161490
삼성전자,A005930,20210125,1035,87700,87900,87600,87800,296970
삼성전자,A005930,20210125,1030,87900,87900,87700,87800,109956
삼성전자,A005930,20210125,1025,87700,88000,87700,87800,285184
삼성전자,A005930,20210125,1020,87800,87900,87700,87700,151152
삼성전자,A005930,20210125,1015,87900,88000,87600,87800,281356
삼성전자,A005930,20210125,1010,87600,88000,87600,87800,332676
삼성전자,A005930,20210125,1005,88000,88100,87500,87700,445647
삼성전자,A005930,20210125,1000,88000,88100,87700,88000,463743
삼성전자,A005930,20210125,955,87700,88100,87600,88000,838906
삼성전자,A005930,20210125,950,87500,87700,87400,87700,407945
삼성전자,A005930,20210125,945,87000,87500,87000,87400,330019
삼성전자,A005930,20210125,940,87100,87100,86900,87100,173839
삼성전자,A005930,20210125,935,87000,87200,87000,87100,211338
삼성전자,A005930,20210125,930,86800,87200,86700,87100,319197
삼성전자,A005930,20210125,925,87100,87200,86700,86800,371685
삼성전자,A005930,20210125,920,87000,87200,86700,87100,484912
삼성전자,A005930,20210125,915,86700,87200,86500,87000,551590
삼성전자,A005930,20210125,910,86600,86900,86300,86700,674217
삼성전자,A005930,20210125,905,87000,87500,86600,86700,1494509
삼성전자,A005930,20210122,1530,86800,86800,86800,86800,1737935
삼성전자,A005930,20210122,1520,87100,87100,86800,86900,1232130
삼성전자,A005930,20210122,1515,87000,87100,87000,87100,402099
삼성전자,A005930,20210122,1510,87200,87200,87000,87100,351775
삼성전자,A005930,20210122,1505,87200,87300,87000,87200,343211
삼성전자,A005930,20210122,1500,87100,87300,87000,87300,467278
삼성전자,A005930,20210122,1455,87200,87300,87000,87100,454669
삼성전자,A005930,20210122,1450,87300,87400,87100,87200,675134
삼성전자,A005930,20210122,1445,87500,87600,87300,87300,356150
삼성전자,A005930,20210122,1440,87500,87600,87400,87500,578248
삼성전자,A005930,20210122,1435,87500,87600,87500,87500,173966
삼성전자,A005930,20210122,1430,87700,87800,87500,87600,214868
삼성전자,A005930,20210122,1425,87600,87800,87500,87700,239077
삼성전자,A005930,20210122,1420,87600,87700,87500,87600,177955
삼성전자,A005930,20210122,1415,87700,87700,87500,87600,380329
삼성전자,A005930,20210122,1410,87800,87800,87600,87700,177398
삼성전자,A005930,20210122,1405,87700,87800,87700,87700,76242
삼성전자,A005930,20210122,1400,87600,87800,87600,87800,254304
삼성전자,A005930,20210122,1355,87800,87800,87600,87600,198346
삼성전자,A005930,20210122,1350,87800,87900,87700,87700,106846
삼성전자,A005930,20210122,1345,87800,87900,87700,87800,103755
삼성전자,A005930,20210122,1340,87800,87900,87700,87700,194783
삼성전자,A005930,20210122,1335,87800,87800,87700,87700,78840
삼성전자,A005930,20210122,1330,87900,87900,87700,87700,116977
삼성전자,A005930,20210122,1325,87800,87900,87700,87800,192331
삼성전자,A005930,20210122,1320,87700,88000,87700,87700,231943
삼성전자,A005930,20210122,1315,87800,87900,87700,87700,152921
삼성전자,A005930,20210122,1310,87600,87800,87600,87800,290047
삼성전자,A005930,20210122,1305,87800,87900,87600,87600,240390
삼성전자,A005930,20210122,1300,87800,87900,87700,87900,374517
삼성전자,A005930,20210122,1255,88000,88000,87800,87900,246941
삼성전자,A005930,20210122,1250,88100,88100,87900,88000,389376
삼성전자,A005930,20210122,1245,88100,88100,88000,88100,49190
삼성전자,A005930,20210122,1240,88100,88200,88000,88100,164608
삼성전자,A005930,20210122,1235,88100,88300,88100,88200,78948
삼성전자,A005930,20210122,1230,88100,88300,88000,88200,167172
삼성전자,A005930,20210122,1225,88100,88200,88000,88100,132720
삼성전자,A005930,20210122,1220,88200,88200,88000,88100,293142
삼성전자,A005930,20210122,1215,88200,88300,88100,88100,100581
삼성전자,A005930,20210122,1210,88300,88300,88100,88200,231539
삼성전자,A005930,20210122,1205,88200,88400,88200,88300,169657
삼성전자,A005930,20210122,1200,88200,88400,88200,88200,171882
삼성전자,A005930,20210122,1155,88200,88400,88200,88200,181928
삼성전자,A005930,20210122,1150,88400,88500,88200,88300,200386
삼성전자,A005930,20210122,1145,88400,88500,88300,88400,108559
삼성전자,A005930,20210122,1140,88400,88500,88200,88400,270926
삼성전자,A005930,20210122,1135,88300,88400,88200,88300,172322
삼성전자,A005930,20210122,1130,88300,88400,88200,88300,122046
삼성전자,A005930,20210122,1125,88300,88400,88100,88300,172803
삼성전자,A005930,20210122,1120,88100,88300,88100,88300,93243
삼성전자,A005930,20210122,1115,88200,88300,88000,88200,207372
삼성전자,A005930,20210122,1110,88400,88500,88100,88200,360822
삼성전자,A005930,20210122,1105,88300,88400,88200,88300,213599
삼성전자,A005930,20210122,1100,88300,88400,88200,88300,200256
삼성전자,A005930,20210122,1055,88200,88400,88100,88300,202395
삼성전자,A005930,20210122,1050,88400,88400,88100,88200,184949
삼성전자,A005930,20210122,1045,88600,88700,88300,88400,195548
삼성전자,A005930,20210122,1040,88300,88700,88200,88600,649958
삼성전자,A005930,20210122,1035,88000,88300,88000,88200,227297
삼성전자,A005930,20210122,1030,88000,88100,88000,88100,87718
삼성전자,A005930,20210122,1025,88000,88100,87900,88000,124154
삼성전자,A005930,20210122,1020,88100,88100,87900,87900,135073
삼성전자,A005930,20210122,1015,88200,88300,87900,88000,297171
삼성전자,A005930,20210122,1010,88000,88200,87800,88200,247188
삼성전자,A005930,20210122,1005,87800,88000,87800,88000,153781
삼성전자,A005930,20210122,1000,88000,88000,87600,87900,605390
삼성전자,A005930,20210122,955,88100,88100,87900,88000,383591
삼성전자,A005930,20210122,950,88100,88300,88000,88100,372877
삼성전자,A005930,20210122,945,88400,88600,88100,88100,372233
삼성전자,A005930,20210122,940,88200,88700,88100,88500,641712
삼성전자,A005930,20210122,935,87900,88200,87800,88200,510989
삼성전자,A005930,20210122,930,88000,88100,87800,87900,418902
삼성전자,A005930,20210122,925,88200,88300,87800,88000,1197703
삼성전자,A005930,20210122,920,88400,88500,88100,88200,723440
삼성전자,A005930,20210122,915,88600,88600,88200,88400,836858
삼성전자,A005930,20210122,910,88700,88900,88100,88600,1569525
삼성전자,A005930,20210122,905,89000,89700,88500,88700,5217396
삼성전자,A005930,20210121,1530,88100,88100,88100,88100,2022620
삼성전자,A005930,20210121,1520,87500,88600,87400,88300,2602091
삼성전자,A005930,20210121,1515,86600,87500,86500,87400,1128153
삼성전자,A005930,20210121,1510,86600,86700,86500,86600,284948
삼성전자,A005930,20210121,1505,86600,86800,86600,86600,382394
삼성전자,A005930,20210121,1500,86600,86700,86600,86600,200724
삼성전자,A005930,20210121,1455,86600,86700,86500,86600,474527
삼성전자,A005930,20210121,1450,86600,86700,86600,86600,255658
삼성전자,A005930,20210121,1445,86700,86800,86600,86600,289278
삼성전자,A005930,20210121,1440,86800,86800,86600,86700,314536
삼성전자,A005930,20210121,1435,86700,86900,86700,86800,199431
삼성전자,A005930,20210121,1430,86800,86900,86700,86800,158182
삼성전자,A005930,20210121,1425,86800,86900,86700,86900,199864
삼성전자,A005930,20210121,1420,86900,87000,86700,86700,348126
삼성전자,A005930,20210121,1415,86900,87000,86800,87000,156036
삼성전자,A005930,20210121,1410,86900,87000,86800,86900,218965
삼성전자,A005930,20210121,1405,86800,87000,86800,86900,212963
삼성전자,A005930,20210121,1400,87000,87100,86800,86900,259132
삼성전자,A005930,20210121,1355,87000,87100,86900,87100,223475
삼성전자,A005930,20210121,1350,86800,87000,86800,86900,154470
삼성전자,A005930,20210121,1345,86800,86900,86700,86800,244273
삼성전자,A005930,20210121,1340,86800,86900,86800,86800,100607
삼성전자,A005930,20210121,1335,86700,86900,86700,86900,142776
삼성전자,A005930,20210121,1330,86600,86800,86600,86800,181722
삼성전자,A005930,20210121,1325,86600,86700,86600,86700,83545
삼성전자,A005930,20210121,1320,86600,86700,86600,86600,112768
삼성전자,A005930,20210121,1315,86600,86700,86500,86700,61573
삼성전자,A005930,20210121,1310,86600,86700,86500,86600,323757
삼성전자,A005930,20210121,1305,86700,86800,86600,86600,201143
삼성전자,A005930,20210121,1300,86800,86800,86700,86700,65137
삼성전자,A005930,20210121,1255,86800,86800,86700,86800,74542
삼성전자,A005930,20210121,1250,86700,86900,86700,86700,121711
삼성전자,A005930,20210121,1245,86800,86800,86700,86800,107082
삼성전자,A005930,20210121,1240,86800,86800,86700,86800,110983
삼성전자,A005930,20210121,1235,86900,87000,86700,86800,172272
삼성전자,A005930,20210121,1230,86800,87000,86800,87000,161634
삼성전자,A005930,20210121,1225,86900,86900,86800,86800,67803
삼성전자,A005930,20210121,1220,87000,87000,86800,86900,168015
삼성전자,A005930,20210121,1215,86800,87000,86800,87000,150745
삼성전자,A005930,20210121,1210,87100,87100,86800,86900,239169
삼성전자,A005930,20210121,1205,87000,87100,87000,87000,65422
삼성전자,A005930,20210121,1200,86900,87100,86900,87000,253996
삼성전자,A005930,20210121,1155,86800,87000,86800,87000,160941
삼성전자,A005930,20210121,1150,86900,86900,86700,86900,138242
삼성전자,A005930,20210121,1145,86700,86900,86700,86800,165680
삼성전자,A005930,20210121,1140,86500,86800,86500,86700,152666
삼성전자,A005930,20210121,1135,86600,86700,86500,86600,238535
삼성전자,A005930,20210121,1130,86700,86700,86600,86600,110202
삼성전자,A005930,20210121,1125,86600,86800,86600,86700,110289
삼성전자,A005930,20210121,1120,86700,86800,86600,86700,176437
삼성전자,A005930,20210121,1115,86700,86900,86600,86700,225174
삼성전자,A005930,20210121,1110,86900,86900,86700,86700,201561
삼성전자,A005930,20210121,1105,86700,86900,86700,86800,178460
삼성전자,A005930,20210121,1100,86700,86900,86700,86800,213016
삼성전자,A005930,20210121,1055,86800,86900,86600,86800,194641
삼성전자,A005930,20210121,1050,87000,87000,86700,86800,248652
삼성전자,A005930,20210121,1045,86900,87000,86800,86900,125203
삼성전자,A005930,20210121,1040,86600,86900,86600,86800,156256
삼성전자,A005930,20210121,1035,86600,86800,86500,86700,177436
삼성전자,A005930,20210121,1030,86800,86800,86500,86600,190398
삼성전자,A005930,20210121,1025,86500,86800,86500,86800,395499
삼성전자,A005930,20210121,1020,86700,86800,86500,86600,381829
삼성전자,A005930,20210121,1015,86800,86900,86700,86700,266528
삼성전자,A005930,20210121,1010,86900,87000,86800,86800,165102
삼성전자,A005930,20210121,1005,86800,87100,86800,87000,243958
삼성전자,A005930,20210121,1000,86800,87000,86700,86900,277853
삼성전자,A005930,20210121,955,87100,87100,86600,86800,607005
삼성전자,A005930,20210121,950,87000,87200,86900,87100,299543
삼성전자,A005930,20210121,945,87200,87200,86900,86900,425777
삼성전자,A005930,20210121,940,87400,87400,87100,87100,276425
삼성전자,A005930,20210121,935,87600,87600,87200,87400,232236
삼성전자,A005930,20210121,930,87200,87600,87200,87600,242498
삼성전자,A005930,20210121,925,87200,87400,87100,87300,326322
삼성전자,A005930,20210121,920,87400,87400,87100,87200,547644
삼성전자,A005930,20210121,915,87800,87900,87300,87400,410633
삼성전자,A005930,20210121,910,87200,88000,87200,87900,734593
삼성전자,A005930,20210121,905,87500,87900,87200,87300,1368055
삼성전자,A005930,20210120,1530,87200,87200,87200,87200,1592383
삼성전자,A005930,20210120,1520,87300,87400,87200,87300,236604
삼성전자,A005930,20210120,1515,87400,87400,87200,87300,212429
삼성전자,A005930,20210120,1510,87300,87500,87300,87300,195794
삼성전자,A005930,20210120,1505,87500,87700,87200,87400,339291
삼성전자,A005930,20210120,1500,87400,87700,87400,87500,336718
삼성전자,A005930,20210120,1455,87400,87500,87300,87400,225721
삼성전자,A005930,20210120,1450,87300,87500,87200,87300,310514
삼성전자,A005930,20210120,1445,87000,87300,87000,87300,192139
삼성전자,A005930,20210120,1440,87200,87300,87000,87100,189854
삼성전자,A005930,20210120,1435,87200,87400,87100,87200,371154
삼성전자,A005930,20210120,1430,87000,87200,86900,87200,274140
삼성전자,A005930,20210120,1425,86800,87200,86700,87100,290587
삼성전자,A005930,20210120,1420,86700,86800,86600,86700,135532
삼성전자,A005930,20210120,1415,86600,86800,86600,86700,184023
삼성전자,A005930,20210120,1410,86500,86800,86500,86700,290341
삼성전자,A005930,20210120,1405,86700,86800,86500,86600,442754
삼성전자,A005930,20210120,1400,86800,86900,86700,86800,170507
삼성전자,A005930,20210120,1355,86900,87000,86800,86800,108297
삼성전자,A005930,20210120,1350,86800,87000,86700,86900,122196
삼성전자,A005930,20210120,1345,86800,86900,86700,86800,133298
삼성전자,A005930,20210120,1340,86700,86900,86600,86800,187382
삼성전자,A005930,20210120,1335,86800,86900,86600,86700,365523
삼성전자,A005930,20210120,1330,86700,86900,86700,86900,217528
삼성전자,A005930,20210120,1325,86900,86900,86700,86700,209525
삼성전자,A005930,20210120,1320,87000,87000,86800,86800,126069
삼성전자,A005930,20210120,1315,86800,87000,86800,87000,165392
삼성전자,A005930,20210120,1310,87000,87000,86800,86800,177855
삼성전자,A005930,20210120,1305,87100,87200,86900,87000,248451
삼성전자,A005930,20210120,1300,87100,87300,87100,87200,128342
삼성전자,A005930,20210120,1255,87100,87200,87000,87100,125833
삼성전자,A005930,20210120,1250,87000,87200,87000,87000,136347
삼성전자,A005930,20210120,1245,86800,87100,86700,87100,169628
삼성전자,A005930,20210120,1240,87100,87100,86700,86700,384194
삼성전자,A005930,20210120,1235,87100,87100,87000,87100,82114
삼성전자,A005930,20210120,1230,87200,87300,87000,87100,183913
삼성전자,A005930,20210120,1225,87000,87300,87000,87200,117239
삼성전자,A005930,20210120,1220,87100,87200,86900,87000,344669
삼성전자,A005930,20210120,1215,87200,87200,87000,87100,185331
삼성전자,A005930,20210120,1210,87200,87300,87100,87100,144112
삼성전자,A005930,20210120,1205,87400,87500,87200,87200,95949
삼성전자,A005930,20210120,1200,87300,87500,87200,87500,146137
삼성전자,A005930,20210120,1155,87600,87600,87200,87300,176770
삼성전자,A005930,20210120,1150,87500,87700,87500,87600,149657
삼성전자,A005930,20210120,1145,87600,87800,87500,87600,205007
삼성전자,A005930,20210120,1140,87800,87800,87500,87600,214841
삼성전자,A005930,20210120,1135,87600,87800,87600,87800,153476
삼성전자,A005930,20210120,1130,87600,87700,87400,87600,304396
삼성전자,A005930,20210120,1125,87300,87600,87200,87600,193617
삼성전자,A005930,20210120,1120,87300,87400,87100,87200,176827
삼성전자,A005930,20210120,1115,87400,87500,87200,87400,301654
삼성전자,A005930,20210120,1110,87100,87500,87100,87500,173319
삼성전자,A005930,20210120,1105,87100,87300,87000,87100,192727
삼성전자,A005930,20210120,1100,87000,87300,86900,87100,225482
삼성전자,A005930,20210120,1055,87100,87100,86800,87000,193738
삼성전자,A005930,20210120,1050,86700,87100,86600,87100,279527
삼성전자,A005930,20210120,1045,86700,86900,86700,86800,219726
삼성전자,A005930,20210120,1040,86900,87000,86700,86800,255193
삼성전자,A005930,20210120,1035,86900,87200,86700,87000,357109
삼성전자,A005930,20210120,1030,87100,87300,86900,86900,240960
삼성전자,A005930,20210120,1025,87200,87300,87000,87100,254530
삼성전자,A005930,20210120,1020,87100,87300,86700,87200,826392
삼성전자,A005930,20210120,1015,87100,87300,87000,87100,432084
삼성전자,A005930,20210120,1010,87200,87300,87000,87100,408361
삼성전자,A005930,20210120,1005,87600,87600,87200,87300,545039
삼성전자,A005930,20210120,1000,87700,87800,87500,87500,353521
삼성전자,A005930,20210120,955,87600,87800,87600,87700,218987
삼성전자,A005930,20210120,950,87900,88000,87600,87700,232174
삼성전자,A005930,20210120,945,88100,88200,87800,88000,304754
삼성전자,A005930,20210120,940,87600,88100,87500,88100,436490
삼성전자,A005930,20210120,935,87800,87900,87500,87700,374804
삼성전자,A005930,20210120,930,88200,88200,87600,87900,708199
삼성전자,A005930,20210120,925,88300,88300,88000,88200,420598
삼성전자,A005930,20210120,920,88400,88400,87900,88300,712782
삼성전자,A005930,20210120,915,88300,88700,88200,88300,718377
삼성전자,A005930,20210120,910,88500,88500,87700,88300,1159324
삼성전자,A005930,20210120,905,89000,89000,88400,88500,2713606
삼성전자,A005930,20210119,1530,87000,87000,87000,87000,1691497
삼성전자,A005930,20210119,1520,87200,87200,87000,87100,343812
삼성전자,A005930,20210119,1515,87000,87200,86900,87200,430925
삼성전자,A005930,20210119,1510,87100,87300,87000,87000,502466
삼성전자,A005930,20210119,1505,87300,87400,87100,87100,370652
삼성전자,A005930,20210119,1500,87400,87500,87200,87300,315117
삼성전자,A005930,20210119,1455,87200,87500,87100,87500,231032
삼성전자,A005930,20210119,1450,87400,87400,87100,87200,442553
삼성전자,A005930,20210119,1445,87500,87600,87300,87400,308143
삼성전자,A005930,20210119,1440,87700,87800,87200,87500,496437
삼성전자,A005930,20210119,1435,87800,87900,87700,87700,309657
삼성전자,A005930,20210119,1430,88000,88000,87700,87800,317667
삼성전자,A005930,20210119,1425,87800,88000,87800,88000,308384
삼성전자,A005930,20210119,1420,87700,87900,87700,87800,251383
삼성전자,A005930,20210119,1415,87700,87800,87600,87800,211856
삼성전자,A005930,20210119,1410,87700,87700,87500,87600,233125
삼성전자,A005930,20210119,1405,87700,87800,87600,87700,349677
삼성전자,A005930,20210119,1400,87600,87900,87600,87700,604299
삼성전자,A005930,20210119,1355,87600,87700,87600,87600,126509
삼성전자,A005930,20210119,1350,87700,87700,87600,87700,106023
삼성전자,A005930,20210119,1345,87700,87800,87600,87700,333953
삼성전자,A005930,20210119,1340,87700,87800,87600,87600,150058
삼성전자,A005930,20210119,1335,87500,87800,87500,87700,335112
삼성전자,A005930,20210119,1330,87400,87600,87400,87600,222417
삼성전자,A005930,20210119,1325,87300,87600,87300,87500,220911
삼성전자,A005930,20210119,1320,87400,87500,87200,87300,400106
삼성전자,A005930,20210119,1315,87500,87600,87300,87400,247595
삼성전자,A005930,20210119,1310,87500,87700,87500,87500,239900
삼성전자,A005930,20210119,1305,87500,87700,87500,87500,246580
삼성전자,A005930,20210119,1300,87700,87800,87500,87500,258926
삼성전자,A005930,20210119,1255,87700,87800,87600,87700,199619
삼성전자,A005930,20210119,1250,87900,87900,87500,87700,478070
삼성전자,A005930,20210119,1245,87900,87900,87800,87900,178270
삼성전자,A005930,20210119,1240,87800,87900,87600,87900,359172
삼성전자,A005930,20210119,1235,87800,87800,87500,87800,232803
삼성전자,A005930,20210119,1230,87700,87800,87600,87700,409050
삼성전자,A005930,20210119,1225,87400,87700,87400,87700,266927
삼성전자,A005930,20210119,1220,87400,87500,87400,87500,136552
삼성전자,A005930,20210119,1215,87300,87500,87200,87400,230727
삼성전자,A005930,20210119,1210,87400,87500,87200,87200,216883
삼성전자,A005930,20210119,1205,87600,87700,87300,87500,374806
삼성전자,A005930,20210119,1200,87400,87600,87300,87600,398159
삼성전자,A005930,20210119,1155,87200,87400,87100,87400,347512
삼성전자,A005930,20210119,1150,87100,87300,87100,87100,152164
삼성전자,A005930,20210119,1145,87100,87200,86900,87100,311717
삼성전자,A005930,20210119,1140,87100,87400,87100,87100,401437
삼성전자,A005930,20210119,1135,87100,87200,86900,87200,277696
삼성전자,A005930,20210119,1130,87100,87300,86900,87100,420347
삼성전자,A005930,20210119,1125,86900,87100,86800,87000,318057
삼성전자,A005930,20210119,1120,87000,87200,86700,86800,980610
삼성전자,A005930,20210119,1115,86800,87000,86800,86900,500248
삼성전자,A005930,20210119,1110,86600,86900,86600,86900,328438
삼성전자,A005930,20210119,1105,86600,86700,86500,86700,155641
삼성전자,A005930,20210119,1100,86400,86700,86300,86600,259961
삼성전자,A005930,20210119,1055,86500,86600,86300,86400,180518
삼성전자,A005930,20210119,1050,86600,86700,86300,86500,308517
삼성전자,A005930,20210119,1045,86800,86800,86500,86600,268414
삼성전자,A005930,20210119,1040,86800,86800,86700,86800,244022
삼성전자,A005930,20210119,1035,86400,86900,86400,86800,517028
삼성전자,A005930,20210119,1030,86400,86500,86200,86400,312534
삼성전자,A005930,20210119,1025,86200,86500,86200,86500,212096
삼성전자,A005930,20210119,1020,86200,86400,86100,86300,468517
삼성전자,A005930,20210119,1015,86500,86600,86200,86200,439479
삼성전자,A005930,20210119,1010,86900,87000,86300,86400,876431
삼성전자,A005930,20210119,1005,86300,87000,86200,86900,981850
삼성전자,A005930,20210119,1000,86300,86400,86000,86300,869167
삼성전자,A005930,20210119,955,85700,86300,85700,86300,791245
삼성전자,A005930,20210119,950,85600,85800,85300,85800,765138
삼성전자,A005930,20210119,945,85500,86000,85500,85600,918632
삼성전자,A005930,20210119,940,85400,85800,85200,85600,1013079
삼성전자,A005930,20210119,935,85000,85500,84900,85400,1282614
삼성전자,A005930,20210119,930,84500,85000,84400,84900,521466
삼성전자,A005930,20210119,925,84300,84900,84300,84500,972829
삼성전자,A005930,20210119,920,84100,84500,84000,84400,959867
삼성전자,A005930,20210119,915,84200,84200,83600,84100,2603010
삼성전자,A005930,20210119,910,84900,85000,84100,84100,1631750
삼성전자,A005930,20210119,905,84500,85800,84500,84900,4035103
삼성전자,A005930,20210118,1530,85000,85000,85000,85000,1948027
삼성전자,A005930,20210118,1520,84800,84800,84500,84700,1147277
삼성전자,A005930,20210118,1515,85200,85300,84700,84800,1451971
삼성전자,A005930,20210118,1510,85600,85700,85100,85200,1034158
삼성전자,A005930,20210118,1505,85700,85800,85500,85700,565195
삼성전자,A005930,20210118,1500,85700,85800,85600,85600,552456
삼성전자,A005930,20210118,1455,85300,85800,85200,85600,821364
삼성전자,A005930,20210118,1450,85600,85800,85100,85300,1020608
삼성전자,A005930,20210118,1445,86200,86300,85500,85700,1033793
삼성전자,A005930,20210118,1440,85300,86200,85200,86200,1658563
삼성전자,A005930,20210118,1435,85000,85500,84100,85400,3002976
삼성전자,A005930,20210118,1430,85600,85600,85000,85000,2237408
삼성전자,A005930,20210118,1425,86100,86100,85500,85500,2110835
삼성전자,A005930,20210118,1420,86100,86300,86000,86000,412075
삼성전자,A005930,20210118,1415,86100,86200,86000,86200,288448
삼성전자,A005930,20210118,1410,86100,86200,86000,86200,422051
삼성전자,A005930,20210118,1405,86200,86300,86100,86200,307410
삼성전자,A005930,20210118,1400,86300,86400,86200,86200,214171
삼성전자,A005930,20210118,1355,86100,86300,86100,86200,399778
삼성전자,A005930,20210118,1350,86200,86200,86000,86200,271538
삼성전자,A005930,20210118,1345,86000,86200,86000,86200,239993
삼성전자,A005930,20210118,1340,86200,86200,86000,86100,274334
삼성전자,A005930,20210118,1335,86000,86300,86000,86100,585705
삼성전자,A005930,20210118,1330,86000,86100,86000,86100,345038
삼성전자,A005930,20210118,1325,86100,86200,86000,86100,365939
삼성전자,A005930,20210118,1320,86200,86300,86100,86100,223963
삼성전자,A005930,20210118,1315,86200,86400,86100,86200,499522
삼성전자,A005930,20210118,1310,86400,86500,86300,86300,304984
삼성전자,A005930,20210118,1305,86400,86600,86400,86500,449262
삼성전자,A005930,20210118,1300,86500,86700,86400,86400,541581
삼성전자,A005930,20210118,1255,86700,86800,86500,86600,239049
삼성전자,A005930,20210118,1250,86900,86900,86700,86800,190686
삼성전자,A005930,20210118,1245,86700,86900,86600,86900,420421
삼성전자,A005930,20210118,1240,86700,86700,86600,86700,90105
삼성전자,A005930,20210118,1235,86600,86800,86600,86700,194965
삼성전자,A005930,20210118,1230,86800,86800,86600,86600,115296
삼성전자,A005930,20210118,1225,86800,86800,86700,86800,71674
삼성전자,A005930,20210118,1220,86800,86800,86600,86800,223503
삼성전자,A005930,20210118,1215,86800,86800,86700,86700,75046
삼성전자,A005930,20210118,1210,86800,86900,86600,86700,176566
삼성전자,A005930,20210118,1205,86700,86900,86700,86800,262130
삼성전자,A005930,20210118,1200,86700,86800,86600,86700,153782
삼성전자,A005930,20210118,1155,86700,86800,86700,86800,116027
삼성전자,A005930,20210118,1150,86700,86800,86600,86700,241137
삼성전자,A005930,20210118,1145,86700,86800,86600,86600,176574
삼성전자,A005930,20210118,1140,86800,86800,86600,86600,183021
삼성전자,A005930,20210118,1135,86600,86800,86500,86800,378105
삼성전자,A005930,20210118,1130,86600,86700,86600,86600,110308
삼성전자,A005930,20210118,1125,86900,87000,86600,86700,236348
삼성전자,A005930,20210118,1120,86800,86900,86700,86900,167639
삼성전자,A005930,20210118,1115,86800,86800,86600,86800,192804
삼성전자,A005930,20210118,1110,87000,87000,86700,86800,316285
삼성전자,A005930,20210118,1105,86900,87000,86900,87000,86403
삼성전자,A005930,20210118,1100,86900,87000,86800,86900,199024
삼성전자,A005930,20210118,1055,86900,87000,86800,86900,210107
삼성전자,A005930,20210118,1050,86800,87000,86700,86900,286616
삼성전자,A005930,20210118,1045,86700,86800,86600,86700,179867
삼성전자,A005930,20210118,1040,86600,86800,86500,86700,237385
삼성전자,A005930,20210118,1035,86600,86800,86500,86600,212360
삼성전자,A005930,20210118,1030,86600,86700,86500,86700,354779
삼성전자,A005930,20210118,1025,86600,86800,86600,86700,324936
삼성전자,A005930,20210118,1020,86700,86700,86600,86600,152704
삼성전자,A005930,20210118,1015,86800,87000,86600,86600,341124
삼성전자,A005930,20210118,1010,87200,87200,86800,86900,456142
삼성전자,A005930,20210118,1005,87300,87300,87000,87200,343198
삼성전자,A005930,20210118,1000,86800,87300,86800,87300,529580
삼성전자,A005930,20210118,955,86800,86900,86700,86800,321855
삼성전자,A005930,20210118,950,86900,87000,86700,86900,424614
삼성전자,A005930,20210118,945,86800,86900,86600,86800,384640
삼성전자,A005930,20210118,940,87000,87000,86600,86800,390653
삼성전자,A005930,20210118,935,86700,87000,86600,87000,476958
삼성전자,A005930,20210118,930,86800,87000,86700,86800,587582
삼성전자,A005930,20210118,925,86200,86900,86100,86900,636069
삼성전자,A005930,20210118,920,86300,86400,86000,86200,829670
삼성전자,A005930,20210118,915,86900,86900,86200,86300,717379
삼성전자,A005930,20210118,910,86100,86900,85800,86800,2262079
삼성전자,A005930,20210118,905,86600,87100,86100,86200,2649188
삼성전자,A005930,20210115,1530,88000,88000,88000,88000,1799439
삼성전자,A005930,20210115,1520,88000,88200,88000,88200,518807
삼성전자,A005930,20210115,1515,88200,88200,88000,88000,618971
삼성전자,A005930,20210115,1510,88200,88200,88100,88200,356529
삼성전자,A005930,20210115,1505,88100,88300,88100,88200,296130
삼성전자,A005930,20210115,1500,88300,88300,88100,88200,226342
삼성전자,A005930,20210115,1455,88200,88400,88100,88300,483711
삼성전자,A005930,20210115,1450,88400,88500,88200,88300,253878
삼성전자,A005930,20210115,1445,88300,88600,88300,88400,272271
삼성전자,A005930,20210115,1440,88400,88400,88200,88300,173937
삼성전자,A005930,20210115,1435,88200,88500,88200,88400,251893
삼성전자,A005930,20210115,1430,88200,88300,88100,88300,252290
삼성전자,A005930,20210115,1425,88200,88300,88100,88300,224369
삼성전자,A005930,20210115,1420,88500,88600,88100,88200,485422
삼성전자,A005930,20210115,1415,88300,88600,88200,88500,200018
삼성전자,A005930,20210115,1410,88300,88500,88300,88400,236151
삼성전자,A005930,20210115,1405,88200,88400,88100,88300,414485
삼성전자,A005930,20210115,1400,88300,88400,88200,88200,255190
삼성전자,A005930,20210115,1355,88500,88500,88300,88300,190534
삼성전자,A005930,20210115,1350,88700,88800,88400,88500,290490
삼성전자,A005930,20210115,1345,88600,88800,88500,88800,239803
삼성전자,A005930,20210115,1340,88400,88600,88300,88500,139752
삼성전자,A005930,20210115,1335,88400,88600,88300,88500,178992
삼성전자,A005930,20210115,1330,88200,88500,88100,88400,330621
삼성전자,A005930,20210115,1325,88100,88300,88100,88200,206987
삼성전자,A005930,20210115,1320,88300,88300,88100,88200,335833
삼성전자,A005930,20210115,1315,88300,88500,88200,88300,326162
삼성전자,A005930,20210115,1310,88200,88400,88100,88300,303584
삼성전자,A005930,20210115,1305,88300,88300,88100,88200,269522
삼성전자,A005930,20210115,1300,88300,88400,88200,88300,207618
삼성전자,A005930,20210115,1255,88400,88500,88300,88300,213188
삼성전자,A005930,20210115,1250,88500,88600,88400,88500,142034
삼성전자,A005930,20210115,1245,88600,88700,88500,88500,171943
삼성전자,A005930,20210115,1240,88800,88800,88500,88500,157386
삼성전자,A005930,20210115,1235,88500,88800,88500,88800,200406
삼성전자,A005930,20210115,1230,88700,88700,88500,88600,134929
삼성전자,A005930,20210115,1225,88500,88800,88400,88700,283333
삼성전자,A005930,20210115,1220,88600,88600,88300,88500,222997
삼성전자,A005930,20210115,1215,88600,88700,88500,88500,130777
삼성전자,A005930,20210115,1210,88900,88900,88500,88600,190456
삼성전자,A005930,20210115,1205,88600,88900,88500,88800,278052
삼성전자,A005930,20210115,1200,88700,88800,88500,88600,383250
삼성전자,A005930,20210115,1155,88300,88700,88300,88600,321297
삼성전자,A005930,20210115,1150,88300,88400,88200,88400,149403
삼성전자,A005930,20210115,1145,88600,88600,88200,88300,294101
삼성전자,A005930,20210115,1140,88300,88600,88200,88600,348186
삼성전자,A005930,20210115,1135,88100,88300,88100,88200,269801
삼성전자,A005930,20210115,1130,88200,88300,88100,88200,390067
삼성전자,A005930,20210115,1125,88100,88200,88000,88100,523863
삼성전자,A005930,20210115,1120,88100,88200,88000,88100,534653
삼성전자,A005930,20210115,1115,88400,88400,88100,88200,362005
삼성전자,A005930,20210115,1110,88300,88500,88200,88400,288801
삼성전자,A005930,20210115,1105,88100,88500,88100,88300,483043
삼성전자,A005930,20210115,1100,88500,88500,88000,88100,845143
삼성전자,A005930,20210115,1055,88500,88600,88400,88500,408086
삼성전자,A005930,20210115,1050,88700,88800,88300,88400,1072214
삼성전자,A005930,20210115,1045,89000,89100,88600,88700,772224
삼성전자,A005930,20210115,1040,89100,89300,89000,89000,123388
삼성전자,A005930,20210115,1035,89100,89200,88900,89100,205906
삼성전자,A005930,20210115,1030,89000,89100,88800,89000,460580
삼성전자,A005930,20210115,1025,89200,89400,88900,89000,782293
삼성전자,A005930,20210115,1020,89200,89300,89100,89300,390809
삼성전자,A005930,20210115,1015,89000,89200,88900,89100,384408
삼성전자,A005930,20210115,1010,89200,89300,88900,89000,1003803
삼성전자,A005930,20210115,1005,89600,89700,89100,89200,595914
삼성전자,A005930,20210115,1000,89700,89800,89300,89600,679883
삼성전자,A005930,20210115,955,90000,90100,89600,89700,467799
삼성전자,A005930,20210115,950,90100,90200,90000,90000,181866
삼성전자,A005930,20210115,945,90000,90200,89800,90000,507073
삼성전자,A005930,20210115,940,90200,90300,90000,90000,312837
삼성전자,A005930,20210115,935,90300,90500,90100,90200,354099
삼성전자,A005930,20210115,930,90300,90400,90000,90300,491068
삼성전자,A005930,20210115,925,90300,90600,90200,90400,536246
삼성전자,A005930,20210115,920,90600,90700,90200,90300,795157
삼성전자,A005930,20210115,915,90700,91000,90500,90500,701109
삼성전자,A005930,20210115,910,91000,91300,90600,90700,1311579
삼성전자,A005930,20210115,905,89800,91800,89800,91100,2920794
삼성전자,A005930,20210114,1530,89700,89700,89700,89700,4925167
삼성전자,A005930,20210114,1520,89000,89100,88900,89100,448526
삼성전자,A005930,20210114,1515,89100,89200,89000,89100,274265
삼성전자,A005930,20210114,1510,89300,89400,89100,89200,324518
삼성전자,A005930,20210114,1505,89200,89400,89200,89300,311671
삼성전자,A005930,20210114,1500,89000,89300,89000,89300,301121
삼성전자,A005930,20210114,1455,89100,89200,89000,89100,320203
삼성전자,A005930,20210114,1450,88900,89200,88900,89100,378268
삼성전자,A005930,20210114,1445,89000,89200,88900,89000,198471
삼성전자,A005930,20210114,1440,89100,89200,89000,89000,214720
삼성전자,A005930,20210114,1435,88900,89100,88800,89000,351544
삼성전자,A005930,20210114,1430,88800,89000,88800,88900,270068
삼성전자,A005930,20210114,1425,89100,89100,88800,88800,569938
삼성전자,A005930,20210114,1420,89200,89200,89000,89000,268168
삼성전자,A005930,20210114,1415,89200,89300,89100,89200,188464
삼성전자,A005930,20210114,1410,89100,89300,89000,89200,319151
삼성전자,A005930,20210114,1405,89200,89300,89000,89000,213319
삼성전자,A005930,20210114,1400,89000,89300,88900,89200,388915
삼성전자,A005930,20210114,1355,89000,89100,88900,89000,246496
삼성전자,A005930,20210114,1350,89000,89100,89000,89100,84107
삼성전자,A005930,20210114,1345,88900,89100,88900,89000,269888
삼성전자,A005930,20210114,1340,89000,89100,88900,88900,223643
삼성전자,A005930,20210114,1335,89100,89200,89000,89100,243069
삼성전자,A005930,20210114,1330,89000,89100,88900,89100,450826
삼성전자,A005930,20210114,1325,89100,89100,89000,89100,181315
삼성전자,A005930,20210114,1320,89000,89200,89000,89000,212112
삼성전자,A005930,20210114,1315,89100,89200,89000,89100,134674
삼성전자,A005930,20210114,1310,89100,89200,89000,89100,160246
삼성전자,A005930,20210114,1305,89100,89300,89000,89000,152923
삼성전자,A005930,20210114,1300,89100,89300,89000,89200,274673
삼성전자,A005930,20210114,1255,89100,89300,89100,89200,170504
삼성전자,A005930,20210114,1250,89200,89300,89100,89100,186492
삼성전자,A005930,20210114,1245,89300,89400,89200,89200,114908
삼성전자,A005930,20210114,1240,89400,89400,89200,89300,154910
삼성전자,A005930,20210114,1235,89400,89400,89200,89300,141333
삼성전자,A005930,20210114,1230,89400,89400,89300,89300,61501
삼성전자,A005930,20210114,1225,89300,89500,89300,89300,136634
삼성전자,A005930,20210114,1220,89400,89500,89300,89400,97226
삼성전자,A005930,20210114,1215,89300,89500,89300,89400,213025
삼성전자,A005930,20210114,1210,89300,89400,89200,89300,118555
삼성전자,A005930,20210114,1205,89300,89300,89100,89200,107507
삼성전자,A005930,20210114,1200,89300,89300,89100,89300,137025
삼성전자,A005930,20210114,1155,89200,89400,89200,89300,155306
삼성전자,A005930,20210114,1150,89300,89400,89200,89300,162339
삼성전자,A005930,20210114,1145,89300,89300,89200,89200,66493
삼성전자,A005930,20210114,1140,89100,89300,89000,89300,172965
삼성전자,A005930,20210114,1135,89100,89200,89000,89100,172194
삼성전자,A005930,20210114,1130,89100,89200,89000,89200,195916
삼성전자,A005930,20210114,1125,89000,89100,88900,89100,342359
삼성전자,A005930,20210114,1120,89100,89100,88900,89000,207599
삼성전자,A005930,20210114,1115,89200,89200,88900,89100,802851
삼성전자,A005930,20210114,1110,89100,89300,89100,89200,196453
삼성전자,A005930,20210114,1105,89300,89300,89100,89100,192733
삼성전자,A005930,20210114,1100,89200,89400,89100,89300,187631
삼성전자,A005930,20210114,1055,89300,89300,89100,89200,133866
삼성전자,A005930,20210114,1050,89300,89500,89100,89200,315191
삼성전자,A005930,20210114,1045,89300,89500,89300,89300,180977
삼성전자,A005930,20210114,1040,89600,89600,89300,89300,186160
삼성전자,A005930,20210114,1035,89400,89600,89300,89500,146444
삼성전자,A005930,20210114,1030,89400,89500,89200,89400,223712
삼성전자,A005930,20210114,1025,89400,89600,89300,89500,258893
삼성전자,A005930,20210114,1020,89300,89600,89200,89500,234179
삼성전자,A005930,20210114,1015,89500,89600,89100,89200,371136
삼성전자,A005930,20210114,1010,89600,89700,89500,89500,135811
삼성전자,A005930,20210114,1005,89500,89800,89500,89700,216170
삼성전자,A005930,20210114,1000,89400,89600,89300,89500,237102
삼성전자,A005930,20210114,955,89600,89700,89400,89500,299294
삼성전자,A005930,20210114,950,89900,89900,89600,89700,311455
삼성전자,A005930,20210114,945,89700,89900,89700,89900,238837
삼성전자,A005930,20210114,940,89900,89900,89500,89800,284540
삼성전자,A005930,20210114,935,89700,90000,89700,89900,590164
삼성전자,A005930,20210114,930,89300,89800,89300,89800,487519
삼성전자,A005930,20210114,925,89600,89600,89100,89300,322945
삼성전자,A005930,20210114,920,89000,89600,88900,89600,494159
삼성전자,A005930,20210114,915,88900,89300,88800,89000,731586
삼성전자,A005930,20210114,910,89100,89100,88700,88900,742362
삼성전자,A005930,20210114,905,88700,89300,88700,89100,1589697
삼성전자,A005930,20210113,1530,89700,89700,89700,89700,1818606
삼성전자,A005930,20210113,1520,89400,89600,89400,89500,406923
삼성전자,A005930,20210113,1515,89300,89500,89300,89500,576030
삼성전자,A005930,20210113,1510,89500,89600,89300,89400,864993
삼성전자,A005930,20210113,1505,89600,89700,89500,89500,311268
삼성전자,A005930,20210113,1500,89700,89800,89600,89700,236569
삼성전자,A005930,20210113,1455,89700,89800,89600,89700,336569
삼성전자,A005930,20210113,1450,89600,89800,89500,89600,279773
삼성전자,A005930,20210113,1445,89600,89700,89500,89600,342449
삼성전자,A005930,20210113,1440,89900,89900,89500,89600,477266
삼성전자,A005930,20210113,1435,90000,90000,89600,89900,762209
삼성전자,A005930,20210113,1430,90100,90200,89900,90000,310085
삼성전자,A005930,20210113,1425,90200,90200,89900,90200,468017
삼성전자,A005930,20210113,1420,90300,90300,90000,90200,261008
삼성전자,A005930,20210113,1415,90100,90400,90100,90300,258762
삼성전자,A005930,20210113,1410,90100,90400,90000,90200,356899
삼성전자,A005930,20210113,1405,90300,90400,90000,90100,285988
삼성전자,A005930,20210113,1400,90300,90500,90200,90300,506695
삼성전자,A005930,20210113,1355,90300,90400,90100,90300,300793
삼성전자,A005930,20210113,1350,90200,90400,90200,90400,362940
삼성전자,A005930,20210113,1345,90200,90300,90000,90200,291592
삼성전자,A005930,20210113,1340,90000,90300,90000,90200,319039
삼성전자,A005930,20210113,1335,90200,90200,90000,90100,178234
삼성전자,A005930,20210113,1330,90100,90200,90000,90200,158100
삼성전자,A005930,20210113,1325,90100,90100,89800,90000,284536
삼성전자,A005930,20210113,1320,90200,90300,90000,90000,119418
삼성전자,A005930,20210113,1315,90000,90300,90000,90200,234865
삼성전자,A005930,20210113,1310,90100,90300,90000,90000,259353
삼성전자,A005930,20210113,1305,90200,90300,89900,90000,305891
삼성전자,A005930,20210113,1300,90300,90500,90100,90200,268104
삼성전자,A005930,20210113,1255,90400,90500,90200,90400,405127
삼성전자,A005930,20210113,1250,90200,90500,90100,90500,530099
삼성전자,A005930,20210113,1245,89900,90200,89900,90200,272317
삼성전자,A005930,20210113,1240,89800,90100,89800,89900,235810
삼성전자,A005930,20210113,1235,89900,90100,89800,89800,226358
삼성전자,A005930,20210113,1230,90000,90100,89800,90000,290322
삼성전자,A005930,20210113,1225,90000,90100,89800,89900,331141
삼성전자,A005930,20210113,1220,90100,90300,89800,90000,373997
삼성전자,A005930,20210113,1215,90000,90400,89900,90100,663054
삼성전자,A005930,20210113,1210,89800,90000,89700,90000,208314
삼성전자,A005930,20210113,1205,89700,89900,89700,89800,193161
삼성전자,A005930,20210113,1200,89700,89800,89600,89700,203771
삼성전자,A005930,20210113,1155,89800,89900,89700,89700,168459
삼성전자,A005930,20210113,1150,89700,89900,89700,89800,199391
삼성전자,A005930,20210113,1145,89900,89900,89600,89700,265224
삼성전자,A005930,20210113,1140,89800,89900,89600,89900,246395
삼성전자,A005930,20210113,1135,89800,89900,89700,89800,153200
삼성전자,A005930,20210113,1130,89800,90000,89700,89900,228553
삼성전자,A005930,20210113,1125,89700,89900,89600,89800,214875
삼성전자,A005930,20210113,1120,89800,89900,89600,89600,270088
삼성전자,A005930,20210113,1115,89400,89800,89300,89800,304914
삼성전자,A005930,20210113,1110,89500,89600,89300,89300,262542
삼성전자,A005930,20210113,1105,89500,89800,89400,89500,272082
삼성전자,A005930,20210113,1100,89700,89900,89500,89600,232796
삼성전자,A005930,20210113,1055,89500,89900,89500,89800,357142
삼성전자,A005930,20210113,1050,89400,89600,89100,89600,555750
삼성전자,A005930,20210113,1045,89600,89700,89200,89500,1044656
삼성전자,A005930,20210113,1040,89900,89900,89600,89700,249673
삼성전자,A005930,20210113,1035,89900,90000,89700,89800,322007
삼성전자,A005930,20210113,1030,89900,90000,89600,89900,344055
삼성전자,A005930,20210113,1025,89900,90200,89800,89900,282693
삼성전자,A005930,20210113,1020,89900,90000,89700,89900,306556
삼성전자,A005930,20210113,1015,89800,90000,89500,90000,690143
삼성전자,A005930,20210113,1010,90100,90200,89800,89900,302975
삼성전자,A005930,20210113,1005,89900,90200,89900,90100,350639
삼성전자,A005930,20210113,1000,89900,90000,89700,89900,452153
삼성전자,A005930,20210113,955,90200,90300,89800,89900,512477
삼성전자,A005930,20210113,950,90000,90400,90000,90200,345830
삼성전자,A005930,20210113,945,90000,90500,90000,90100,329934
삼성전자,A005930,20210113,940,89900,90400,89800,90000,653588
삼성전자,A005930,20210113,935,90300,90400,89800,89800,757938
삼성전자,A005930,20210113,930,90400,90900,90300,90300,718539
삼성전자,A005930,20210113,925,90800,91200,90200,90500,1485650
삼성전자,A005930,20210113,920,89800,90900,89800,90800,1393350
삼성전자,A005930,20210113,915,90100,90200,89800,89800,724445
삼성전자,A005930,20210113,910,89600,90300,89600,90100,1046938
삼성전자,A005930,20210113,905,89800,90500,89500,89700,2300079
삼성전자,A005930,20210112,1530,90600,90600,90600,90600,1595452
삼성전자,A005930,20210112,1520,90000,90400,89800,90400,620292
삼성전자,A005930,20210112,1515,90400,90500,89900,90100,725288
삼성전자,A005930,20210112,1510,90300,90500,90100,90300,793218
삼성전자,A005930,20210112,1505,89500,90300,89400,90300,899760
삼성전자,A005930,20210112,1500,89500,89800,89400,89500,725095
삼성전자,A005930,20210112,1455,89300,89800,89100,89500,766992
삼성전자,A005930,20210112,1450,88900,89500,88900,89400,827922
삼성전자,A005930,20210112,1445,88700,89100,88700,89000,677672
삼성전자,A005930,20210112,1440,88600,88800,88500,88800,290868
삼성전자,A005930,20210112,1435,88200,88700,88200,88700,467266
삼성전자,A005930,20210112,1430,88100,88500,88100,88300,351090
삼성전자,A005930,20210112,1425,88400,88500,88100,88200,599392
삼성전자,A005930,20210112,1420,88700,88700,88300,88400,466137
삼성전자,A005930,20210112,1415,88400,88800,88400,88700,431413
삼성전자,A005930,20210112,1410,88200,88500,88100,88500,320181
삼성전자,A005930,20210112,1405,88600,88700,88200,88200,661208
삼성전자,A005930,20210112,1400,88000,88600,87900,88600,693233
삼성전자,A005930,20210112,1355,88300,88400,87800,87900,863021
삼성전자,A005930,20210112,1350,88100,88600,88000,88300,710898
삼성전자,A005930,20210112,1345,88100,88300,87800,88200,1072687
삼성전자,A005930,20210112,1340,88100,88600,88000,88100,1022116
삼성전자,A005930,20210112,1335,88600,88700,88000,88000,1129251
삼성전자,A005930,20210112,1330,89000,89000,88500,88600,987812
삼성전자,A005930,20210112,1325,89200,89200,88800,88900,722401
삼성전자,A005930,20210112,1320,89200,89400,89100,89100,311655
삼성전자,A005930,20210112,1315,89400,89500,89100,89200,287148
삼성전자,A005930,20210112,1310,89200,89500,89200,89400,285384
삼성전자,A005930,20210112,1305,88900,89400,88900,89200,726192
삼성전자,A005930,20210112,1300,89000,89100,88900,88900,1126972
삼성전자,A005930,20210112,1255,89300,89300,89000,89000,816591
삼성전자,A005930,20210112,1250,89600,89600,89200,89300,424732
삼성전자,A005930,20210112,1245,89300,89600,89200,89600,654107
삼성전자,A005930,20210112,1240,89400,89500,89300,89400,381169
삼성전자,A005930,20210112,1235,89700,89800,89300,89400,877747
삼성전자,A005930,20210112,1230,89600,89800,89500,89800,463573
삼성전자,A005930,20210112,1225,89900,89900,89500,89600,782026
삼성전자,A005930,20210112,1220,89900,90000,89800,89800,411305
삼성전자,A005930,20210112,1215,90100,90200,89900,90000,454890
삼성전자,A005930,20210112,1210,90100,90300,90000,90200,443096
삼성전자,A005930,20210112,1205,90000,90100,90000,90100,130953
삼성전자,A005930,20210112,1200,90000,90100,90000,90100,122941
삼성전자,A005930,20210112,1155,90000,90100,90000,90100,131204
삼성전자,A005930,20210112,1150,90000,90200,90000,90100,235136
삼성전자,A005930,20210112,1145,90200,90200,90000,90100,192036
삼성전자,A005930,20210112,1140,90200,90400,90100,90200,189247
삼성전자,A005930,20210112,1135,90300,90400,90100,90300,223718
삼성전자,A005930,20210112,1130,90300,90500,90200,90300,243968
삼성전자,A005930,20210112,1125,90300,90500,90100,90300,278885
삼성전자,A005930,20210112,1120,90100,90400,90100,90300,197427
삼성전자,A005930,20210112,1115,90600,90700,90100,90200,285830
삼성전자,A005930,20210112,1110,90500,90700,90300,90600,294315
삼성전자,A005930,20210112,1105,90400,90700,90400,90500,334734
삼성전자,A005930,20210112,1100,90500,90500,90200,90400,212171
삼성전자,A005930,20210112,1055,90400,90500,90300,90400,178232
삼성전자,A005930,20210112,1050,90300,90400,90000,90300,238383
삼성전자,A005930,20210112,1045,90100,90300,89800,90300,825766
삼성전자,A005930,20210112,1040,90200,90300,90000,90100,223134
삼성전자,A005930,20210112,1035,90200,90400,90000,90200,412362
삼성전자,A005930,20210112,1030,90200,90300,90100,90200,324220
삼성전자,A005930,20210112,1025,90700,90700,90100,90200,442143
삼성전자,A005930,20210112,1020,90700,90800,90500,90600,349554
삼성전자,A005930,20210112,1015,90800,91200,90600,90800,493483
삼성전자,A005930,20210112,1010,90500,90800,90300,90800,600103
삼성전자,A005930,20210112,1005,90600,90900,90500,90500,320106
삼성전자,A005930,20210112,1000,91200,91400,90600,90600,947231
삼성전자,A005930,20210112,955,90500,91200,90400,91200,717699
삼성전자,A005930,20210112,950,90500,91000,90400,90500,722160
삼성전자,A005930,20210112,945,90300,90800,90100,90400,809793
삼성전자,A005930,20210112,940,89900,90300,89700,90300,803443
삼성전자,A005930,20210112,935,89600,89900,89300,89900,715055
삼성전자,A005930,20210112,930,89300,89900,89300,89700,828878
삼성전자,A005930,20210112,925,89700,89800,89200,89300,1294199
삼성전자,A005930,20210112,920,89800,90000,89600,89700,816989
삼성전자,A005930,20210112,915,90500,90600,89800,89800,1106489
삼성전자,A005930,20210112,910,89800,90700,89800,90500,1300797
삼성전자,A005930,20210112,905,90300,90800,89200,89900,4078250
삼성전자,A005930,20210111,1530,91000,91000,91000,91000,2280979
삼성전자,A005930,20210111,1520,91200,91700,91000,91600,673602
삼성전자,A005930,20210111,1515,91400,91500,91000,91200,770163
삼성전자,A005930,20210111,1510,91700,92100,91200,91400,783267
삼성전자,A005930,20210111,1505,91100,91700,91100,91700,478995
삼성전자,A005930,20210111,1500,90800,91300,90800,91100,509586
삼성전자,A005930,20210111,1455,90800,91200,90700,90800,567861
삼성전자,A005930,20210111,1450,91100,91300,90700,90800,1147652
삼성전자,A005930,20210111,1445,91700,92000,91100,91200,761265
삼성전자,A005930,20210111,1440,92400,92400,91500,91600,688716
삼성전자,A005930,20210111,1435,92300,92400,91900,92300,520479
삼성전자,A005930,20210111,1430,91400,92400,91400,92300,603863
삼성전자,A005930,20210111,1425,92000,92100,91300,91500,598748
삼성전자,A005930,20210111,1420,92400,92500,91700,92100,817668
삼성전자,A005930,20210111,1415,92100,92500,91800,92400,876248
삼성전자,A005930,20210111,1410,91400,92400,91400,92100,909176
삼성전자,A005930,20210111,1405,91400,91500,91100,91500,497060
삼성전자,A005930,20210111,1400,90700,91400,90700,91300,555109
삼성전자,A005930,20210111,1355,91100,91200,90700,90700,554947
삼성전자,A005930,20210111,1350,91300,91800,91100,91100,1063394
삼성전자,A005930,20210111,1345,90700,91300,90700,91300,567666
삼성전자,A005930,20210111,1340,91000,91000,90500,90800,655000
삼성전자,A005930,20210111,1335,90100,91100,90000,91000,1019201
삼성전자,A005930,20210111,1330,90100,90700,90000,90100,936413
삼성전자,A005930,20210111,1325,90700,91000,90000,90100,944944
삼성전자,A005930,20210111,1320,90700,91100,90000,90700,1523274
삼성전자,A005930,20210111,1315,91700,91700,90500,90700,1732150
삼성전자,A005930,20210111,1310,92200,92300,91600,91700,1364429
삼성전자,A005930,20210111,1305,92200,92400,92100,92200,428777
삼성전자,A005930,20210111,1300,92700,92800,92200,92200,351877
삼성전자,A005930,20210111,1255,92200,93000,92200,92800,472062
삼성전자,A005930,20210111,1250,92400,92600,92100,92200,422001
삼성전자,A005930,20210111,1245,92500,92500,92000,92500,691073
삼성전자,A005930,20210111,1240,92700,92800,92300,92500,348910
삼성전자,A005930,20210111,1235,92300,92900,92100,92700,696752
삼성전자,A005930,20210111,1230,92800,92800,92300,92300,633690
삼성전자,A005930,20210111,1225,92700,93000,92600,92800,544270
삼성전자,A005930,20210111,1220,93000,93400,92600,92700,560002
삼성전자,A005930,20210111,1215,93200,93300,92800,93000,436857
삼성전자,A005930,20210111,1210,93600,93600,92900,93200,746715
삼성전자,A005930,20210111,1205,93500,94000,93400,93500,944315
삼성전자,A005930,20210111,1200,93200,93600,93000,93500,709930
삼성전자,A005930,20210111,1155,92900,93300,92500,93200,784234
삼성전자,A005930,20210111,1150,92200,92900,92200,92900,673989
삼성전자,A005930,20210111,1145,92000,92700,92000,92300,756412
삼성전자,A005930,20210111,1140,92800,93000,92000,92100,733167
삼성전자,A005930,20210111,1135,92800,93100,92500,92800,661635
삼성전자,A005930,20210111,1130,92200,93400,92000,92800,1120255
삼성전자,A005930,20210111,1125,92600,92900,91800,92200,1093727
삼성전자,A005930,20210111,1120,92600,92800,91800,92600,1659193
삼성전자,A005930,20210111,1115,93000,93800,92300,92600,2072071
삼성전자,A005930,20210111,1110,92400,93100,91500,93000,3449555
삼성전자,A005930,20210111,1105,93700,94200,92400,92400,2289612
삼성전자,A005930,20210111,1100,94400,94500,93300,93700,2201626
삼성전자,A005930,20210111,1055,95100,95200,94400,94400,891404
삼성전자,A005930,20210111,1050,95300,95300,94400,95100,1853847
삼성전자,A005930,20210111,1045,95200,95700,95000,95300,1234884
삼성전자,A005930,20210111,1040,96200,96400,95200,95300,1640241
삼성전자,A005930,20210111,1035,96100,96300,95900,96300,909178
삼성전자,A005930,20210111,1030,95800,96300,95600,96100,1234189
삼성전자,A005930,20210111,1025,95700,96500,95200,95800,1671785
삼성전자,A005930,20210111,1020,96500,96800,95300,95700,2238984
삼성전자,A005930,20210111,1015,94600,96600,94400,96500,2621250
삼성전자,A005930,20210111,1010,94200,95000,94100,94600,1551361
삼성전자,A005930,20210111,1005,93900,94400,93800,94200,1894252
삼성전자,A005930,20210111,1000,93200,93900,93100,93900,1413362
삼성전자,A005930,20210111,955,92900,93200,92700,93200,609113
삼성전자,A005930,20210111,950,93000,93100,92300,92800,1613961
삼성전자,A005930,20210111,945,93200,93200,92900,93100,695017
삼성전자,A005930,20210111,940,93100,93200,92800,93200,922333
삼성전자,A005930,20210111,935,92900,93700,92800,93100,1622822
삼성전자,A005930,20210111,930,92800,93000,92600,92900,1137684
삼성전자,A005930,20210111,925,92700,92900,92300,92800,1457724
삼성전자,A005930,20210111,920,93400,93500,91800,92700,2604370
삼성전자,A005930,20210111,915,94000,94100,93300,93400,2766990
삼성전자,A005930,20210111,910,91600,94100,91500,94000,2445455
삼성전자,A005930,20210111,905,90000,91600,89500,91600,4556738
삼성전자,A005930,20210108,1530,88800,88800,88800,88800,2416038
삼성전자,A005930,20210108,1520,89100,89300,88900,89100,1013321
삼성전자,A005930,20210108,1515,89400,89700,88600,89100,1591983
삼성전자,A005930,20210108,1510,89000,89500,88900,89500,1632316
삼성전자,A005930,20210108,1505,88700,89300,88600,89000,1547615
삼성전자,A005930,20210108,1500,88400,88900,88200,88800,1161356
삼성전자,A005930,20210108,1455,88200,88500,88000,88400,922006
삼성전자,A005930,20210108,1450,87800,88300,87500,88200,1169124
삼성전자,A005930,20210108,1445,88100,88500,87500,87800,1777595
삼성전자,A005930,20210108,1440,89300,89400,88000,88100,2617476
삼성전자,A005930,20210108,1435,88600,90000,88500,89200,3102951
삼성전자,A005930,20210108,1430,87300,88700,87300,88600,1890894
삼성전자,A005930,20210108,1425,87100,87700,87000,87400,1212568
삼성전자,A005930,20210108,1420,86400,87200,86300,87100,1200751
삼성전자,A005930,20210108,1415,86000,86700,86000,86400,1123103
삼성전자,A005930,20210108,1410,85900,86100,85700,86000,608173
삼성전자,A005930,20210108,1405,86100,86200,85700,85900,886566
삼성전자,A005930,20210108,1400,85500,86100,85500,86000,814114
삼성전자,A005930,20210108,1355,85700,85800,85400,85600,790258
삼성전자,A005930,20210108,1350,85100,85700,85100,85700,1190553
삼성전자,A005930,20210108,1345,85100,85300,85100,85200,268705
삼성전자,A005930,20210108,1340,85000,85200,84900,85200,406786
삼성전자,A005930,20210108,1335,85000,85100,84800,84900,624344
삼성전자,A005930,20210108,1330,85200,85200,84900,85000,600929
삼성전자,A005930,20210108,1325,85100,85300,85100,85200,446692
삼성전자,A005930,20210108,1320,85100,85300,85000,85200,696067
삼성전자,A005930,20210108,1315,85000,85100,85000,85100,224319
삼성전자,A005930,20210108,1310,85100,85200,84900,85100,745702
삼성전자,A005930,20210108,1305,84900,85100,84800,85100,1391232
삼성전자,A005930,20210108,1300,84800,84900,84800,84900,226634
삼성전자,A005930,20210108,1255,84800,84900,84700,84900,235106
삼성전자,A005930,20210108,1250,84700,84800,84700,84800,394948
삼성전자,A005930,20210108,1245,84700,84800,84600,84700,265167
삼성전자,A005930,20210108,1240,84700,84800,84600,84700,291723
삼성전자,A005930,20210108,1235,84600,84800,84600,84700,415467
삼성전자,A005930,20210108,1230,84500,84700,84500,84600,179533
삼성전자,A005930,20210108,1225,84600,84700,84500,84600,306173
삼성전자,A005930,20210108,1220,84500,84600,84400,84600,203523
삼성전자,A005930,20210108,1215,84400,84500,84400,84400,138816
삼성전자,A005930,20210108,1210,84500,84500,84400,84500,144397
삼성전자,A005930,20210108,1205,84400,84500,84200,84500,309290
삼성전자,A005930,20210108,1200,84600,84600,84300,84400,425858
삼성전자,A005930,20210108,1155,84700,84700,84500,84600,353928
삼성전자,A005930,20210108,1150,84700,84700,84600,84700,219431
삼성전자,A005930,20210108,1145,84500,84700,84500,84700,352238
삼성전자,A005930,20210108,1140,84600,84600,84400,84500,348525
삼성전자,A005930,20210108,1135,84400,84600,84400,84600,370074
삼성전자,A005930,20210108,1130,84400,84500,84400,84500,177167
삼성전자,A005930,20210108,1125,84400,84500,84300,84400,337632
삼성전자,A005930,20210108,1120,84400,84400,84300,84400,107315
삼성전자,A005930,20210108,1115,84200,84400,84100,84400,402758
삼성전자,A005930,20210108,1110,84100,84200,84000,84200,345468
삼성전자,A005930,20210108,1105,84100,84200,84000,84000,291553
삼성전자,A005930,20210108,1100,84300,84300,84100,84200,249197
삼성전자,A005930,20210108,1055,84400,84400,84200,84200,239749
삼성전자,A005930,20210108,1050,84200,84400,84100,84400,380235
삼성전자,A005930,20210108,1045,84200,84200,84000,84100,209954
삼성전자,A005930,20210108,1040,84200,84200,84000,84200,227971
삼성전자,A005930,20210108,1035,84000,84200,83800,84200,378010
삼성전자,A005930,20210108,1030,83900,84000,83700,84000,552558
삼성전자,A005930,20210108,1025,84100,84100,83900,84000,436467
삼성전자,A005930,20210108,1020,84200,84200,84000,84100,263333
삼성전자,A005930,20210108,1015,84000,84200,84000,84200,344512
삼성전자,A005930,20210108,1010,83900,84100,83900,84100,226305
삼성전자,A005930,20210108,1005,84000,84100,83900,84000,383146
삼성전자,A005930,20210108,1000,83900,84100,83900,84000,321267
삼성전자,A005930,20210108,955,84100,84200,83900,84000,461102
삼성전자,A005930,20210108,950,83700,84200,83600,84200,545112
삼성전자,A005930,20210108,945,83900,84000,83400,83800,900463
삼성전자,A005930,20210108,940,84100,84100,83700,84000,933190
삼성전자,A005930,20210108,935,84100,84400,83900,84100,984519
삼성전자,A005930,20210108,930,84700,84700,84100,84200,739816
삼성전자,A005930,20210108,925,84900,84900,84500,84700,722056
삼성전자,A005930,20210108,920,84300,84900,84200,84900,1789327
삼성전자,A005930,20210108,915,84100,84300,84000,84300,1411502
삼성전자,A005930,20210108,910,83400,84100,83400,84000,1256122
삼성전자,A005930,20210108,905,83300,83500,83000,83500,2647268
삼성전자,A005930,20210107,1530,82900,82900,82900,82900,2376284
삼성전자,A005930,20210107,1520,83500,83600,83300,83400,702612
삼성전자,A005930,20210107,1515,83500,83600,83500,83500,325198
삼성전자,A005930,20210107,1510,83700,83800,83500,83600,531921
삼성전자,A005930,20210107,1505,83700,83800,83600,83700,291855
삼성전자,A005930,20210107,1500,83600,83800,83600,83600,301596
삼성전자,A005930,20210107,1455,83800,83900,83600,83600,353899
삼성전자,A005930,20210107,1450,83800,83900,83700,83800,280983
삼성전자,A005930,20210107,1445,83600,83900,83600,83800,344496
삼성전자,A005930,20210107,1440,83500,83700,83500,83700,226369
삼성전자,A005930,20210107,1435,83600,83800,83500,83500,670761
삼성전자,A005930,20210107,1430,83600,83800,83600,83700,270291
삼성전자,A005930,20210107,1425,83500,83700,83500,83600,216206
삼성전자,A005930,20210107,1420,83600,83600,83400,83600,250211
삼성전자,A005930,20210107,1415,83700,83700,83300,83500,751945
삼성전자,A005930,20210107,1410,83700,83800,83600,83600,485061
삼성전자,A005930,20210107,1405,83800,83800,83500,83600,577956
삼성전자,A005930,20210107,1400,83900,84000,83700,83700,441171
삼성전자,A005930,20210107,1355,84000,84100,83800,83900,313029
삼성전자,A005930,20210107,1350,84000,84100,83800,84000,452320
삼성전자,A005930,20210107,1345,83900,84200,83900,84000,1427493
삼성전자,A005930,20210107,1340,83900,84000,83900,83900,192729
삼성전자,A005930,20210107,1335,83800,84000,83700,84000,642120
삼성전자,A005930,20210107,1330,83800,83900,83700,83700,712048
삼성전자,A005930,20210107,1325,83700,83800,83600,83800,158951
삼성전자,A005930,20210107,1320,83700,83800,83600,83700,193026
삼성전자,A005930,20210107,1315,83600,83800,83600,83700,364920
삼성전자,A005930,20210107,1310,83700,83800,83600,83600,249539
삼성전자,A005930,20210107,1305,83800,83900,83700,83800,295160
삼성전자,A005930,20210107,1300,83700,83900,83700,83700,673889
삼성전자,A005930,20210107,1255,83600,83800,83600,83700,342258
삼성전자,A005930,20210107,1250,83600,83800,83600,83700,667578
삼성전자,A005930,20210107,1245,83500,83700,83500,83600,198508
삼성전자,A005930,20210107,1240,83700,83700,83500,83600,138036
삼성전자,A005930,20210107,1235,83500,83700,83500,83700,526830
삼성전자,A005930,20210107,1230,83600,83600,83500,83500,67430
삼성전자,A005930,20210107,1225,83500,83600,83500,83500,73011
삼성전자,A005930,20210107,1220,83500,83600,83400,83500,230244
삼성전자,A005930,20210107,1215,83600,83700,83400,83500,432538
삼성전자,A005930,20210107,1210,83600,83700,83600,83600,71473
삼성전자,A005930,20210107,1205,83600,83700,83500,83600,227268
삼성전자,A005930,20210107,1200,83700,83700,83500,83600,221446
삼성전자,A005930,20210107,1155,83500,83700,83500,83700,266864
삼성전자,A005930,20210107,1150,83600,83700,83500,83600,330831
삼성전자,A005930,20210107,1145,83600,83700,83600,83700,111840
삼성전자,A005930,20210107,1140,83600,83700,83600,83600,115922
삼성전자,A005930,20210107,1135,83600,83700,83600,83700,124415
삼성전자,A005930,20210107,1130,83600,83700,83600,83600,100071
삼성전자,A005930,20210107,1125,83700,83700,83600,83600,99667
삼성전자,A005930,20210107,1120,83600,83700,83500,83600,208550
삼성전자,A005930,20210107,1115,83500,83700,83500,83600,238718
삼성전자,A005930,20210107,1110,83400,83600,83400,83600,79907
삼성전자,A005930,20210107,1105,83500,83700,83400,83500,505762
삼성전자,A005930,20210107,1100,83600,83700,83500,83600,282617
삼성전자,A005930,20210107,1055,83700,83700,83500,83600,316865
삼성전자,A005930,20210107,1050,83600,83700,83500,83600,473455
삼성전자,A005930,20210107,1045,83400,83600,83300,83500,391789
삼성전자,A005930,20210107,1040,83300,83500,83300,83500,217629
삼성전자,A005930,20210107,1035,83400,83400,83200,83400,214972
삼성전자,A005930,20210107,1030,83200,83400,83200,83300,133499
삼성전자,A005930,20210107,1025,83300,83400,83100,83300,320798
삼성전자,A005930,20210107,1020,83300,83400,83200,83300,290725
삼성전자,A005930,20210107,1015,83400,83500,83200,83300,413759
삼성전자,A005930,20210107,1010,83600,83600,83300,83500,368589
삼성전자,A005930,20210107,1005,83600,83700,83500,83500,370647
삼성전자,A005930,20210107,1000,83700,83700,83400,83600,228865
삼성전자,A005930,20210107,955,83500,83700,83500,83600,418383
삼성전자,A005930,20210107,950,83700,83700,83400,83500,333027
삼성전자,A005930,20210107,945,83400,83700,83300,83600,472462
삼성전자,A005930,20210107,940,83500,83600,83300,83400,256665
삼성전자,A005930,20210107,935,83100,83600,83100,83500,557943
삼성전자,A005930,20210107,930,83400,83500,83000,83100,373970
삼성전자,A005930,20210107,925,83700,83800,83200,83300,424728
삼성전자,A005930,20210107,920,83600,83800,83400,83800,1099268
삼성전자,A005930,20210107,915,83000,83600,82800,83600,1351484
삼성전자,A005930,20210107,910,82800,83100,82800,83000,684430
삼성전자,A005930,20210107,905,82800,83400,82700,82800,2021422
삼성전자,A005930,20210106,1530,82200,82200,82200,82200,1256337
삼성전자,A005930,20210106,1520,82200,82500,82100,82400,824793
삼성전자,A005930,20210106,1515,82600,82700,82100,82300,1459157
삼성전자,A005930,20210106,1510,82900,82900,82500,82600,1229503
삼성전자,A005930,20210106,1505,82800,83000,82700,82800,667758
삼성전자,A005930,20210106,1500,83100,83100,82800,82800,767777
삼성전자,A005930,20210106,1455,83200,83200,83000,83000,559786
삼성전자,A005930,20210106,1450,83200,83300,83100,83200,312324
삼성전자,A005930,20210106,1445,83400,83400,83100,83200,376556
삼성전자,A005930,20210106,1440,83300,83500,83200,83400,278924
삼성전자,A005930,20210106,1435,83400,83500,83200,83300,339664
삼성전자,A005930,20210106,1430,83300,83500,83300,83400,249663
삼성전자,A005930,20210106,1425,83300,83400,83200,83400,154109
삼성전자,A005930,20210106,1420,83300,83500,83200,83300,320006
삼성전자,A005930,20210106,1415,83200,83400,83200,83400,130163
삼성전자,A005930,20210106,1410,83200,83300,83100,83200,118549
삼성전자,A005930,20210106,1405,83300,83400,83100,83100,244898
삼성전자,A005930,20210106,1400,83300,83500,83300,83400,244084
삼성전자,A005930,20210106,1355,83300,83400,83100,83300,321802
삼성전자,A005930,20210106,1350,83200,83400,83200,83300,258366
삼성전자,A005930,20210106,1345,83600,83600,83200,83300,437329
삼성전자,A005930,20210106,1340,83300,83600,83300,83500,295970
삼성전자,A005930,20210106,1335,83500,83600,83300,83400,345824
삼성전자,A005930,20210106,1330,83400,83600,83200,83500,388722
삼성전자,A005930,20210106,1325,83300,83400,83100,83400,342968
삼성전자,A005930,20210106,1320,83100,83300,83100,83300,150508
삼성전자,A005930,20210106,1315,82900,83200,82800,83100,655149
삼성전자,A005930,20210106,1310,83100,83100,82700,82900,1388029
삼성전자,A005930,20210106,1305,83100,83200,83000,83100,1006598
삼성전자,A005930,20210106,1300,83100,83200,83100,83100,78611
삼성전자,A005930,20210106,1255,83100,83300,83100,83100,193437
삼성전자,A005930,20210106,1250,83300,83300,83100,83200,189618
삼성전자,A005930,20210106,1245,83200,83300,83100,83200,214430
삼성전자,A005930,20210106,1240,83100,83300,83100,83200,321088
삼성전자,A005930,20210106,1235,83200,83200,83100,83200,151771
삼성전자,A005930,20210106,1230,83100,83200,83100,83200,173315
삼성전자,A005930,20210106,1225,83200,83300,83100,83200,131538
삼성전자,A005930,20210106,1220,83200,83300,83100,83200,139176
삼성전자,A005930,20210106,1215,83300,83300,83100,83200,320482
삼성전자,A005930,20210106,1210,83200,83300,83100,83300,438701
삼성전자,A005930,20210106,1205,83300,83400,83200,83300,375591
삼성전자,A005930,20210106,1200,83400,83400,83200,83200,265976
삼성전자,A005930,20210106,1155,83500,83500,83300,83400,182562
삼성전자,A005930,20210106,1150,83700,83700,83300,83500,319958
삼성전자,A005930,20210106,1145,83600,83700,83600,83700,141962
삼성전자,A005930,20210106,1140,83700,83800,83600,83700,284406
삼성전자,A005930,20210106,1135,83700,83800,83500,83700,499997
삼성전자,A005930,20210106,1130,83400,83700,83400,83600,378022
삼성전자,A005930,20210106,1125,83400,83500,83300,83400,201308
삼성전자,A005930,20210106,1120,83400,83500,83300,83500,344532
삼성전자,A005930,20210106,1115,83300,83500,83200,83400,282213
삼성전자,A005930,20210106,1110,83200,83400,83200,83300,283980
삼성전자,A005930,20210106,1105,83200,83400,83000,83300,551073
삼성전자,A005930,20210106,1100,83100,83200,83000,83200,318973
삼성전자,A005930,20210106,1055,83100,83200,83000,83200,458020
삼성전자,A005930,20210106,1050,83200,83300,83000,83100,843157
삼성전자,A005930,20210106,1045,83200,83400,83200,83300,299986
삼성전자,A005930,20210106,1040,83400,83500,83200,83300,296228
삼성전자,A005930,20210106,1035,83400,83600,83300,83500,379088
삼성전자,A005930,20210106,1030,83400,83500,83200,83400,667166
삼성전자,A005930,20210106,1025,83300,83400,83200,83300,236971
삼성전자,A005930,20210106,1020,83600,83600,83200,83300,576381
삼성전자,A005930,20210106,1015,83600,83700,83300,83600,600596
삼성전자,A005930,20210106,1010,83500,83600,83100,83500,1180177
삼성전자,A005930,20210106,1005,83600,83700,83400,83500,653942
삼성전자,A005930,20210106,1000,83600,83700,83400,83600,764217
삼성전자,A005930,20210106,955,83900,83900,83500,83600,643521
삼성전자,A005930,20210106,950,83900,83900,83700,83800,391128
삼성전자,A005930,20210106,945,83900,84000,83800,83900,498565
삼성전자,A005930,20210106,940,83800,84000,83600,83900,564038
삼성전자,A005930,20210106,935,83700,83800,83500,83800,696363
삼성전자,A005930,20210106,930,84100,84100,83600,83700,1088256
삼성전자,A005930,20210106,925,84100,84100,83800,84000,828091
삼성전자,A005930,20210106,920,84100,84200,84000,84100,560632
삼성전자,A005930,20210106,915,84200,84400,83700,84100,1532305
삼성전자,A005930,20210106,910,84000,84500,83800,84200,1884643
삼성전자,A005930,20210106,905,83300,84100,83300,84100,3630680
삼성전자,A005930,20210105,1530,83900,83900,83900,83900,1635705
삼성전자,A005930,20210105,1520,83500,83600,83400,83500,589853
삼성전자,A005930,20210105,1515,83600,83600,83300,83400,670868
삼성전자,A005930,20210105,1510,83200,83700,83200,83600,794486
삼성전자,A005930,20210105,1505,83000,83500,83000,83300,1080624
삼성전자,A005930,20210105,1500,82900,83100,82900,83000,429356
삼성전자,A005930,20210105,1455,82600,83000,82600,83000,726524
삼성전자,A005930,20210105,1450,82500,82700,82500,82700,190557
삼성전자,A005930,20210105,1445,82400,82700,82400,82500,561002
삼성전자,A005930,20210105,1440,82400,82500,82400,82400,113906
삼성전자,A005930,20210105,1435,82500,82600,82400,82400,287577
삼성전자,A005930,20210105,1430,82500,82600,82500,82500,114206
삼성전자,A005930,20210105,1425,82400,82600,82400,82600,214783
삼성전자,A005930,20210105,1420,82400,82500,82300,82500,246311
삼성전자,A005930,20210105,1415,82300,82500,82300,82500,367033
삼성전자,A005930,20210105,1410,82200,82400,82200,82400,237995
삼성전자,A005930,20210105,1405,82200,82300,82100,82200,243397
삼성전자,A005930,20210105,1400,82200,82300,82100,82200,240770
삼성전자,A005930,20210105,1355,82200,82300,82200,82200,117385
삼성전자,A005930,20210105,1350,82200,82300,82200,82200,105311
삼성전자,A005930,20210105,1345,82300,82300,82200,82200,101073
삼성전자,A005930,20210105,1340,82100,82300,82100,82300,127580
삼성전자,A005930,20210105,1335,82100,82300,82100,82200,180722
삼성전자,A005930,20210105,1330,82100,82300,82000,82100,290959
삼성전자,A005930,20210105,1325,82100,82200,82000,82200,345272
삼성전자,A005930,20210105,1320,82100,82200,82000,82100,505366
삼성전자,A005930,20210105,1315,82300,82300,82100,82200,454281
삼성전자,A005930,20210105,1310,82300,82400,82200,82300,129760
삼성전자,A005930,20210105,1305,82300,82400,82200,82400,295309
삼성전자,A005930,20210105,1300,82200,82400,82100,82400,333169
삼성전자,A005930,20210105,1255,82400,82400,82100,82200,464844
삼성전자,A005930,20210105,1250,82500,82600,82300,82300,367139
삼성전자,A005930,20210105,1245,82600,82600,82400,82600,306581
삼성전자,A005930,20210105,1240,82600,82600,82500,82600,158293
삼성전자,A005930,20210105,1235,82500,82700,82500,82600,354738
삼성전자,A005930,20210105,1230,82500,82600,82500,82600,128579
삼성전자,A005930,20210105,1225,82600,82600,82500,82600,99727
삼성전자,A005930,20210105,1220,82500,82600,82500,82500,70525
삼성전자,A005930,20210105,1215,82600,82600,82500,82500,65683
삼성전자,A005930,20210105,1210,82500,82600,82400,82500,189047
삼성전자,A005930,20210105,1205,82500,82600,82400,82500,204190
삼성전자,A005930,20210105,1200,82600,82600,82500,82600,63222
삼성전자,A005930,20210105,1155,82500,82600,82400,82500,140386
삼성전자,A005930,20210105,1150,82600,82600,82400,82500,273672
삼성전자,A005930,20210105,1145,82400,82700,82400,82600,306686
삼성전자,A005930,20210105,1140,82500,82600,82400,82500,266081
삼성전자,A005930,20210105,1135,82400,82500,82300,82500,226990
삼성전자,A005930,20210105,1130,82200,82400,82200,82300,151726
삼성전자,A005930,20210105,1125,82400,82400,82100,82300,384516
삼성전자,A005930,20210105,1120,82500,82500,82300,82400,185843
삼성전자,A005930,20210105,1115,82200,82500,82200,82500,256531
삼성전자,A005930,20210105,1110,82100,82300,82000,82200,225354
삼성전자,A005930,20210105,1105,82200,82200,82000,82100,196601
삼성전자,A005930,20210105,1100,81900,82200,81800,82200,560206
삼성전자,A005930,20210105,1055,82100,82200,81900,81900,1041594
삼성전자,A005930,20210105,1050,82200,82200,82100,82200,146308
삼성전자,A005930,20210105,1045,82300,82300,82100,82200,364018
삼성전자,A005930,20210105,1040,82100,82300,82000,82300,429375
삼성전자,A005930,20210105,1035,82300,82400,82000,82100,526479
삼성전자,A005930,20210105,1030,82300,82400,82200,82400,589794
삼성전자,A005930,20210105,1025,82500,82600,82300,82300,536037
삼성전자,A005930,20210105,1020,82700,82700,82500,82500,421607
삼성전자,A005930,20210105,1015,82700,82800,82600,82700,541069
삼성전자,A005930,20210105,1010,82700,82800,82600,82700,205832
삼성전자,A005930,20210105,1005,82700,82800,82600,82800,326996
삼성전자,A005930,20210105,1000,82800,82900,82600,82700,733841
삼성전자,A005930,20210105,955,82600,82800,82600,82800,279102
삼성전자,A005930,20210105,950,82600,82800,82500,82700,466211
삼성전자,A005930,20210105,945,82800,82900,82500,82600,638895
삼성전자,A005930,20210105,940,82600,82800,82500,82800,467000
삼성전자,A005930,20210105,935,82400,82600,82200,82600,514871
삼성전자,A005930,20210105,930,82300,82500,82200,82400,683570
삼성전자,A005930,20210105,925,82600,82600,82200,82200,871100
삼성전자,A005930,20210105,920,82700,82800,82500,82600,833370
삼성전자,A005930,20210105,915,82600,82900,82500,82600,1541875
삼성전자,A005930,20210105,910,82100,82600,82000,82500,1712666
삼성전자,A005930,20210105,905,81600,82100,81600,82100,3759050
삼성전자,A005930,20210104,1530,83000,83000,83000,83000,1159823
삼성전자,A005930,20210104,1520,83000,83200,83000,83100,327456
삼성전자,A005930,20210104,1515,83100,83200,83000,83000,306781
삼성전자,A005930,20210104,1510,83100,83200,83000,83200,284975
삼성전자,A005930,20210104,1505,83000,83200,83000,83200,286606
삼성전자,A005930,20210104,1500,83100,83200,83000,83100,400950
삼성전자,A005930,20210104,1455,83200,83300,83100,83100,596517
삼성전자,A005930,20210104,1450,83200,83300,83100,83200,274179
삼성전자,A005930,20210104,1445,83100,83300,83000,83200,441999
삼성전자,A005930,20210104,1440,83100,83200,83000,83100,337148
삼성전자,A005930,20210104,1435,83300,83400,83100,83100,384359
삼성전자,A005930,20210104,1430,83300,83400,83200,83300,272411
삼성전자,A005930,20210104,1425,83300,83300,83200,83200,167508
삼성전자,A005930,20210104,1420,83100,83300,83100,83300,155013
삼성전자,A005930,20210104,1415,83200,83300,83100,83200,281306
삼성전자,A005930,20210104,1410,83200,83400,83100,83100,306403
삼성전자,A005930,20210104,1405,83500,83500,83200,83200,271621
삼성전자,A005930,20210104,1400,83300,83500,83300,83500,207796
삼성전자,A005930,20210104,1355,83300,83400,83200,83300,326970
삼성전자,A005930,20210104,1350,83400,83500,83300,83400,191399
삼성전자,A005930,20210104,1345,83300,83400,83200,83400,258278
삼성전자,A005930,20210104,1340,83200,83300,83100,83300,180516
삼성전자,A005930,20210104,1335,83300,83400,83100,83100,324579
삼성전자,A005930,20210104,1330,83100,83400,83100,83400,272993
삼성전자,A005930,20210104,1325,83200,83200,83100,83100,123429
삼성전자,A005930,20210104,1320,83200,83200,83100,83100,199726
삼성전자,A005930,20210104,1315,83100,83400,83000,83200,291259
삼성전자,A005930,20210104,1310,83200,83300,82800,83100,643199
삼성전자,A005930,20210104,1305,83200,83300,83100,83300,452361
삼성전자,A005930,20210104,1300,83500,83600,83200,83300,518029
삼성전자,A005930,20210104,1255,83700,83800,83500,83500,390930
삼성전자,A005930,20210104,1250,83600,83800,83600,83700,303983
삼성전자,A005930,20210104,1245,83700,83700,83500,83700,209605
삼성전자,A005930,20210104,1240,83600,83700,83500,83700,205613
삼성전자,A005930,20210104,1235,83600,83700,83500,83600,180586
삼성전자,A005930,20210104,1230,83600,83800,83400,83500,496864
삼성전자,A005930,20210104,1225,83400,83600,83300,83600,245887
삼성전자,A005930,20210104,1220,83500,83700,83200,83500,508311
삼성전자,A005930,20210104,1215,83200,83500,83200,83500,286015
삼성전자,A005930,20210104,1210,83200,83300,82800,83300,798896
삼성전자,A005930,20210104,1205,83400,83500,83100,83100,442488
삼성전자,A005930,20210104,1200,83400,83700,83300,83400,387211
삼성전자,A005930,20210104,1155,83700,83900,83400,83400,441237
삼성전자,A005930,20210104,1150,83500,83700,83300,83700,431544
삼성전자,A005930,20210104,1145,83200,83700,83200,83600,671905
삼성전자,A005930,20210104,1140,83900,84000,83100,83200,1143622
삼성전자,A005930,20210104,1135,83600,84400,83600,84000,1344290
삼성전자,A005930,20210104,1130,83200,83800,83100,83700,1267912
삼성전자,A005930,20210104,1125,83200,83200,82900,83200,796335
삼성전자,A005930,20210104,1120,82500,83300,82400,83200,1549155
삼성전자,A005930,20210104,1115,82400,82500,82200,82500,593139
삼성전자,A005930,20210104,1110,82000,82500,81900,82400,1174415
삼성전자,A005930,20210104,1105,81400,82000,81400,82000,834420
삼성전자,A005930,20210104,1100,81200,81600,81100,81500,632478
삼성전자,A005930,20210104,1055,81400,81600,81100,81200,1099249
삼성전자,A005930,20210104,1050,81000,81400,81000,81400,558251
삼성전자,A005930,20210104,1045,81000,81200,80800,81100,773478
삼성전자,A005930,20210104,1040,80700,81000,80600,81000,400525
삼성전자,A005930,20210104,1035,81000,81000,80600,80700,640768
삼성전자,A005930,20210104,1030,81000,81100,80900,81000,438513
삼성전자,A005930,20210104,1025,80600,81000,80500,80900,502960
삼성전자,A005930,20210104,1020,80800,80900,80500,80600,1209601
삼성전자,A005930,20210104,1015,81400,81500,80800,80900,1510256
삼성전자,A005930,20210104,1010,80400,81500,80400,81400,1721861
삼성전자,A005930,20210104,1005,81000,81100,80200,80500,4116230
