컴투스,A078340,20210201,1530,159000,159000,159000,159000,8526
컴투스,A078340,20210201,1520,160200,160400,159800,159800,2588
컴투스,A078340,20210201,1515,159900,160300,159800,160300,3203
컴투스,A078340,20210201,1510,159600,159900,159400,159800,1422
컴투스,A078340,20210201,1505,159100,159600,159100,159300,1434
컴투스,A078340,20210201,1500,159400,159700,159000,159100,2930
컴투스,A078340,20210201,1455,159600,159600,159400,159400,1053
컴투스,A078340,20210201,1450,159500,159600,159400,159500,1148
컴투스,A078340,20210201,1445,159700,159800,159400,159600,1530
컴투스,A078340,20210201,1440,159500,159800,159500,159600,1431
컴투스,A078340,20210201,1435,159600,160000,159500,159500,646
컴투스,A078340,20210201,1430,160100,160100,159500,159700,1549
컴투스,A078340,20210201,1425,159800,160200,159700,160200,2000
컴투스,A078340,20210201,1420,159900,159900,159700,159800,702
컴투스,A078340,20210201,1415,159500,159900,159400,159900,1148
컴투스,A078340,20210201,1410,159700,160100,159500,159600,1395
컴투스,A078340,20210201,1405,159800,159800,159600,159800,619
컴투스,A078340,20210201,1400,159900,159900,159700,159800,615
컴투스,A078340,20210201,1355,160100,160100,159800,159900,534
컴투스,A078340,20210201,1350,160100,160200,160000,160000,1260
컴투스,A078340,20210201,1345,160000,160200,159900,160200,682
컴투스,A078340,20210201,1340,159600,160000,159600,160000,473
컴투스,A078340,20210201,1335,159900,159900,159600,159600,404
컴투스,A078340,20210201,1330,159800,159900,159500,159900,562
컴투스,A078340,20210201,1325,160100,160200,159700,159700,908
컴투스,A078340,20210201,1320,159300,160200,159300,160200,695
컴투스,A078340,20210201,1315,159800,159900,159300,159300,1455
컴투스,A078340,20210201,1310,160300,160400,159600,159800,1015
컴투스,A078340,20210201,1305,160100,160400,160100,160200,289
컴투스,A078340,20210201,1300,160600,160700,160000,160000,612
컴투스,A078340,20210201,1255,160000,160700,159900,160700,400
컴투스,A078340,20210201,1250,160200,160300,160000,160100,586
컴투스,A078340,20210201,1245,160300,160300,159900,160200,985
컴투스,A078340,20210201,1240,160400,161000,160200,160300,4361
컴투스,A078340,20210201,1235,160200,160400,160100,160400,853
컴투스,A078340,20210201,1230,160300,160400,160100,160100,667
컴투스,A078340,20210201,1225,160000,160400,160000,160300,2024
컴투스,A078340,20210201,1220,159900,160000,159800,159900,760
컴투스,A078340,20210201,1215,159900,160000,159800,159900,410
컴투스,A078340,20210201,1210,160000,160000,159800,159900,433
컴투스,A078340,20210201,1205,159500,160000,159500,160000,977
컴투스,A078340,20210201,1200,159800,159800,159600,159600,375
컴투스,A078340,20210201,1155,159600,159800,159400,159800,435
컴투스,A078340,20210201,1150,159800,159800,159500,159600,292
컴투스,A078340,20210201,1145,159800,159900,159700,159800,354
컴투스,A078340,20210201,1140,159900,159900,159700,159800,260
컴투스,A078340,20210201,1135,159900,160000,159600,159800,1850
컴투스,A078340,20210201,1130,159900,160100,159800,159900,1765
컴투스,A078340,20210201,1125,159200,159900,159200,159800,1725
컴투스,A078340,20210201,1120,159000,159400,159000,159100,414
컴투스,A078340,20210201,1115,158700,159100,158600,159000,349
컴투스,A078340,20210201,1110,159200,159200,158600,158800,1680
컴투스,A078340,20210201,1105,159400,159800,159100,159200,1338
컴투스,A078340,20210201,1100,159300,159400,159000,159300,1172
컴투스,A078340,20210201,1055,159300,159500,159100,159300,1052
컴투스,A078340,20210201,1050,159600,159700,159100,159400,1148
컴투스,A078340,20210201,1045,159100,159600,159100,159500,1236
컴투스,A078340,20210201,1040,158800,159600,158700,159000,3104
컴투스,A078340,20210201,1035,158400,158900,158400,158900,977
컴투스,A078340,20210201,1030,157900,158500,157900,158400,775
컴투스,A078340,20210201,1025,158100,158200,157900,157900,1218
컴투스,A078340,20210201,1020,157900,158400,157900,158100,1259
컴투스,A078340,20210201,1015,158000,158300,157600,157900,2000
컴투스,A078340,20210201,1010,158600,158700,157900,157900,1541
컴투스,A078340,20210201,1005,158100,158700,158000,158700,1028
컴투스,A078340,20210201,1000,158300,158300,157900,158100,577
컴투스,A078340,20210201,955,158000,158500,157900,158300,1060
컴투스,A078340,20210201,950,157100,158300,157100,158000,1215
컴투스,A078340,20210201,945,157100,157700,157100,157100,2137
컴투스,A078340,20210201,940,157400,157700,157100,157100,4444
컴투스,A078340,20210201,935,157800,157800,157200,157400,3078
컴투스,A078340,20210201,930,158900,159000,157700,157700,1604
컴투스,A078340,20210201,925,158200,159000,157600,158800,3074
컴투스,A078340,20210201,920,158200,158600,158100,158200,1623
컴투스,A078340,20210201,915,158000,158600,158000,158100,2835
컴투스,A078340,20210201,910,158500,159000,157100,157600,13378
컴투스,A078340,20210201,905,158500,159800,158100,158400,8283
컴투스,A078340,20210129,1530,160100,160100,160100,160100,10500
컴투스,A078340,20210129,1520,158100,159900,158100,159100,5104
컴투스,A078340,20210129,1515,158400,158400,158000,158100,3866
컴투스,A078340,20210129,1510,158200,158500,158100,158400,2336
컴투스,A078340,20210129,1505,158800,158800,158100,158200,3221
컴투스,A078340,20210129,1500,158700,158900,158000,158800,5187
컴투스,A078340,20210129,1455,158400,159200,158200,158800,3018
컴투스,A078340,20210129,1450,158000,158500,158000,158400,2451
컴투스,A078340,20210129,1445,157200,158100,157200,158100,3753
컴투스,A078340,20210129,1440,156900,157500,156900,157300,2967
컴투스,A078340,20210129,1435,157300,157300,156500,156900,6590
컴투스,A078340,20210129,1430,157600,157600,157000,157300,6393
컴투스,A078340,20210129,1425,157500,157900,157300,157700,2511
컴투스,A078340,20210129,1420,158200,158500,157500,157500,2193
컴투스,A078340,20210129,1415,157500,158300,157300,158300,4019
컴투스,A078340,20210129,1410,157600,158000,157200,157500,4332
컴투스,A078340,20210129,1405,157700,157800,157000,157600,6741
컴투스,A078340,20210129,1400,157900,158100,157700,157800,2106
컴투스,A078340,20210129,1355,158200,158500,157800,157900,1462
컴투스,A078340,20210129,1350,158100,158400,157800,158200,4442
컴투스,A078340,20210129,1345,158200,158500,158100,158100,4852
컴투스,A078340,20210129,1340,158500,158900,157900,158200,3443
컴투스,A078340,20210129,1335,158000,158700,157300,158500,5722
컴투스,A078340,20210129,1330,159100,159100,157800,158000,5888
컴투스,A078340,20210129,1325,158700,159500,158500,159100,3814
컴투스,A078340,20210129,1320,159000,159300,158700,158700,2524
컴투스,A078340,20210129,1315,159800,159900,159000,159000,6366
컴투스,A078340,20210129,1310,160100,160100,159800,159800,1504
컴투스,A078340,20210129,1305,160200,160400,159800,160200,3134
컴투스,A078340,20210129,1300,160600,160600,160100,160300,1155
컴투스,A078340,20210129,1255,160500,160800,160300,160400,1378
컴투스,A078340,20210129,1250,159800,161200,159500,160500,6655
컴투스,A078340,20210129,1245,160400,160400,159600,159800,6249
컴투스,A078340,20210129,1240,160800,161100,160400,160400,2430
컴투스,A078340,20210129,1235,160900,161000,160000,160800,4222
컴투스,A078340,20210129,1230,160900,161200,160500,161200,4170
컴투스,A078340,20210129,1225,161300,161300,160800,160900,2400
컴투스,A078340,20210129,1220,161300,161500,161200,161200,1459
컴투스,A078340,20210129,1215,161400,161600,161300,161400,1036
컴투스,A078340,20210129,1210,161700,161700,161400,161400,1050
컴투스,A078340,20210129,1205,161500,161900,161500,161700,480
컴투스,A078340,20210129,1200,162100,162100,161300,161600,1206
컴투스,A078340,20210129,1155,161600,162500,161600,162100,1312
컴투스,A078340,20210129,1150,161600,161800,161400,161500,2119
컴투스,A078340,20210129,1145,161600,161700,161300,161700,3824
컴투스,A078340,20210129,1140,161900,162000,161600,161700,760
컴투스,A078340,20210129,1135,161900,162000,161800,161900,459
컴투스,A078340,20210129,1130,162100,162200,161600,161800,4710
컴투스,A078340,20210129,1125,162300,162400,162100,162100,1361
컴투스,A078340,20210129,1120,162500,162500,162300,162300,332
컴투스,A078340,20210129,1115,162400,162600,162300,162500,1628
컴투스,A078340,20210129,1110,162400,162600,162400,162500,460
컴투스,A078340,20210129,1105,162100,162500,162100,162400,4096
컴투스,A078340,20210129,1100,162600,162600,162100,162200,2585
컴투스,A078340,20210129,1055,162700,162800,162600,162600,1660
컴투스,A078340,20210129,1050,162700,163000,162700,162700,639
컴투스,A078340,20210129,1045,163100,163100,162600,162800,2632
컴투스,A078340,20210129,1040,163300,163300,163100,163100,1043
컴투스,A078340,20210129,1035,163600,163700,162900,163300,1979
컴투스,A078340,20210129,1030,163300,163700,163300,163700,1225
컴투스,A078340,20210129,1025,162900,163300,162800,163300,872
컴투스,A078340,20210129,1020,163100,163600,162800,162800,1675
컴투스,A078340,20210129,1015,162000,163100,161800,163100,1194
컴투스,A078340,20210129,1010,161800,162700,161300,162000,4872
컴투스,A078340,20210129,1005,162300,162300,161700,161800,5384
컴투스,A078340,20210129,1000,162500,162900,162200,162300,2816
컴투스,A078340,20210129,955,162700,163800,162400,162400,1999
컴투스,A078340,20210129,950,162900,163800,162400,162700,3804
컴투스,A078340,20210129,945,164300,164300,162300,162600,10162
컴투스,A078340,20210129,940,164900,164900,164300,164300,1975
컴투스,A078340,20210129,935,163900,164900,163800,164900,2343
컴투스,A078340,20210129,930,164400,164400,163500,163900,4451
컴투스,A078340,20210129,925,165200,165300,164500,164500,4168
컴투스,A078340,20210129,920,165100,165800,164700,165100,2061
컴투스,A078340,20210129,915,165400,165400,165000,165100,2518
컴투스,A078340,20210129,910,166200,166500,165000,165400,4016
컴투스,A078340,20210129,905,167500,167600,166000,166400,6831
컴투스,A078340,20210128,1530,166400,166400,166400,166400,5310
컴투스,A078340,20210128,1520,165600,166200,165400,166100,4362
컴투스,A078340,20210128,1515,165900,165900,165500,165600,4601
컴투스,A078340,20210128,1510,166000,166100,165900,166000,2039
컴투스,A078340,20210128,1505,166000,166300,166000,166000,1576
컴투스,A078340,20210128,1500,166100,166200,165700,166000,2280
컴투스,A078340,20210128,1455,166600,166700,166000,166200,4876
컴투스,A078340,20210128,1450,166500,166800,166500,166600,1537
컴투스,A078340,20210128,1445,166700,166900,166500,166600,1843
컴투스,A078340,20210128,1440,166800,166900,166500,166600,1423
컴투스,A078340,20210128,1435,167500,167600,166600,166800,2111
컴투스,A078340,20210128,1430,167200,167600,167000,167500,889
컴투스,A078340,20210128,1425,167200,167400,167100,167200,822
컴투스,A078340,20210128,1420,167500,167700,167000,167200,2095
컴투스,A078340,20210128,1415,167200,167500,166500,167500,2988
컴투스,A078340,20210128,1410,167400,167600,167200,167200,1664
컴투스,A078340,20210128,1405,166400,167400,166400,167400,1211
컴투스,A078340,20210128,1400,166600,167400,166200,166400,2059
컴투스,A078340,20210128,1355,167400,167400,166200,166600,2675
컴투스,A078340,20210128,1350,167000,167400,167000,167200,1098
컴투스,A078340,20210128,1345,166400,167500,166400,166900,2039
컴투스,A078340,20210128,1340,166300,167500,166200,166500,2082
컴투스,A078340,20210128,1335,167000,167300,165800,166300,3417
컴투스,A078340,20210128,1330,167600,167700,167000,167000,1357
컴투스,A078340,20210128,1325,167700,168200,167600,167700,1044
컴투스,A078340,20210128,1320,168200,168200,167700,167700,995
컴투스,A078340,20210128,1315,168100,168200,167500,168200,2098
컴투스,A078340,20210128,1310,167200,168200,167100,168100,1340
컴투스,A078340,20210128,1305,167600,167700,166900,167200,1269
컴투스,A078340,20210128,1300,166600,167600,166400,167400,1909
컴투스,A078340,20210128,1255,166600,166900,166400,166600,936
컴투스,A078340,20210128,1250,166800,167000,166400,166600,999
컴투스,A078340,20210128,1245,166300,166900,166300,166900,1023
컴투스,A078340,20210128,1240,166100,166700,166100,166600,1871
컴투스,A078340,20210128,1235,166000,166400,165800,166200,880
컴투스,A078340,20210128,1230,165900,166300,165900,166000,905
컴투스,A078340,20210128,1225,166000,166300,165800,165900,701
컴투스,A078340,20210128,1220,165700,166300,165700,166100,839
컴투스,A078340,20210128,1215,165800,165900,165500,165700,1768
컴투스,A078340,20210128,1210,165800,165900,165700,165900,1453
컴투스,A078340,20210128,1205,166300,166400,165900,165900,1745
컴투스,A078340,20210128,1200,165500,166300,165400,166200,2147
컴투스,A078340,20210128,1155,165400,165600,165200,165600,2008
컴투스,A078340,20210128,1150,165400,165500,165300,165400,1283
컴투스,A078340,20210128,1145,165400,165600,165400,165500,538
컴투스,A078340,20210128,1140,165700,165900,165400,165400,925
컴투스,A078340,20210128,1135,166200,166200,165500,165600,1526
컴투스,A078340,20210128,1130,166200,166200,166100,166200,578
컴투스,A078340,20210128,1125,166100,166500,166100,166300,827
컴투스,A078340,20210128,1120,165700,166300,165700,166100,493
컴투스,A078340,20210128,1115,165900,165900,165400,165700,1013
컴투스,A078340,20210128,1110,166300,166400,165800,165800,1071
컴투스,A078340,20210128,1105,166600,166600,166300,166300,490
컴투스,A078340,20210128,1100,165900,166700,165900,166500,1023
컴투스,A078340,20210128,1055,165500,166000,165300,166000,1344
컴투스,A078340,20210128,1050,166000,166000,165300,165500,1685
컴투스,A078340,20210128,1045,165800,166200,165500,166000,1810
컴투스,A078340,20210128,1040,166300,166300,165700,165800,1778
컴투스,A078340,20210128,1035,166700,166800,166200,166200,644
컴투스,A078340,20210128,1030,166600,166700,165800,166700,2751
컴투스,A078340,20210128,1025,166800,166900,166400,166600,1337
컴투스,A078340,20210128,1020,166700,166900,165800,166900,2913
컴투스,A078340,20210128,1015,166600,167000,166300,166700,1489
컴투스,A078340,20210128,1010,166700,167000,166400,166600,1425
컴투스,A078340,20210128,1005,167300,167300,166600,166700,3359
컴투스,A078340,20210128,1000,167400,168100,167200,167200,1252
컴투스,A078340,20210128,955,167900,168500,167400,167400,3938
컴투스,A078340,20210128,950,167400,168000,166900,168000,2729
컴투스,A078340,20210128,945,166800,167500,166500,167400,1772
컴투스,A078340,20210128,940,166600,167100,165500,166800,6694
컴투스,A078340,20210128,935,164300,166700,163700,166700,9593
컴투스,A078340,20210128,930,165300,165400,164300,164300,8785
컴투스,A078340,20210128,925,165300,165500,165100,165300,4104
컴투스,A078340,20210128,920,165700,166500,165100,165300,5395
컴투스,A078340,20210128,915,165400,165900,163000,165600,14571
컴투스,A078340,20210128,910,168700,168800,165000,165400,9098
컴투스,A078340,20210128,905,167900,169000,166700,168700,9426
컴투스,A078340,20210127,1530,171600,171600,171600,171600,4412
컴투스,A078340,20210127,1520,171000,171200,170600,171100,1726
컴투스,A078340,20210127,1515,170500,171000,170500,171000,1441
컴투스,A078340,20210127,1510,170900,170900,170400,170500,1204
컴투스,A078340,20210127,1505,171000,171300,170700,171100,1763
컴투스,A078340,20210127,1500,170500,171200,170500,171000,1492
컴투스,A078340,20210127,1455,170800,171100,170500,170600,1074
컴투스,A078340,20210127,1450,170900,170900,170500,170800,696
컴투스,A078340,20210127,1445,170800,171000,170600,170900,680
컴투스,A078340,20210127,1440,170600,170900,170500,170700,561
컴투스,A078340,20210127,1435,170600,171100,170500,170700,1440
컴투스,A078340,20210127,1430,170700,170800,170600,170600,756
컴투스,A078340,20210127,1425,170800,171100,170700,170700,418
컴투스,A078340,20210127,1420,171300,171400,170700,170700,1172
컴투스,A078340,20210127,1415,171500,171600,171300,171400,956
컴투스,A078340,20210127,1410,171500,171600,171500,171500,473
컴투스,A078340,20210127,1405,171500,171700,171500,171600,1743
컴투스,A078340,20210127,1400,170700,171700,170700,171500,608
컴투스,A078340,20210127,1355,170500,170900,170400,170700,363
컴투스,A078340,20210127,1350,170800,170800,170400,170500,1181
컴투스,A078340,20210127,1345,170500,170800,170400,170600,1661
컴투스,A078340,20210127,1340,171300,171300,170500,170500,1333
컴투스,A078340,20210127,1335,171400,171700,171100,171300,352
컴투스,A078340,20210127,1330,171700,171800,171300,171400,364
컴투스,A078340,20210127,1325,171300,171700,171300,171500,341
컴투스,A078340,20210127,1320,171000,171200,170900,171200,273
컴투스,A078340,20210127,1315,170500,171000,170500,171000,182
컴투스,A078340,20210127,1310,170800,171000,170500,170500,647
컴투스,A078340,20210127,1305,170800,170800,170700,170800,294
컴투스,A078340,20210127,1300,170700,170800,170600,170700,225
컴투스,A078340,20210127,1255,170600,170700,170500,170600,466
컴투스,A078340,20210127,1250,170600,170700,170400,170600,2675
컴투스,A078340,20210127,1245,170900,171100,170500,170600,1077
컴투스,A078340,20210127,1240,171200,171200,170700,170900,1789
컴투스,A078340,20210127,1235,171200,171300,171000,171200,446
컴투스,A078340,20210127,1230,171100,171200,170900,171100,171
컴투스,A078340,20210127,1225,171100,171200,170900,171100,534
컴투스,A078340,20210127,1220,171100,171100,170800,171000,181
컴투스,A078340,20210127,1215,170900,171100,170700,170900,1644
컴투스,A078340,20210127,1210,171100,171200,170700,170900,761
컴투스,A078340,20210127,1205,171100,171100,170800,170800,1287
컴투스,A078340,20210127,1200,171000,171600,171000,171000,706
컴투스,A078340,20210127,1155,171100,171300,171000,171100,419
컴투스,A078340,20210127,1150,171200,171200,171000,171200,933
컴투스,A078340,20210127,1145,171900,172000,171200,171200,1084
컴투스,A078340,20210127,1140,172000,172200,171600,171900,1085
컴투스,A078340,20210127,1135,172000,172200,171600,172100,668
컴투스,A078340,20210127,1130,171300,172300,171300,171900,1145
컴투스,A078340,20210127,1125,172100,172100,171300,171300,1588
컴투스,A078340,20210127,1120,172000,172100,171900,172100,497
컴투스,A078340,20210127,1115,172500,172500,171900,172000,1463
컴투스,A078340,20210127,1110,172600,172700,172200,172300,1021
컴투스,A078340,20210127,1105,173200,173300,172600,172600,1865
컴투스,A078340,20210127,1100,172600,173200,172400,173200,1818
컴투스,A078340,20210127,1055,172400,172800,172200,172600,867
컴투스,A078340,20210127,1050,172500,172900,172400,172600,944
컴투스,A078340,20210127,1045,172400,173200,172300,172700,743
컴투스,A078340,20210127,1040,172800,172800,172100,172500,943
컴투스,A078340,20210127,1035,173600,173700,172700,172800,874
컴투스,A078340,20210127,1030,173300,173900,173000,173600,2472
컴투스,A078340,20210127,1025,173800,173800,173000,173300,835
컴투스,A078340,20210127,1020,172500,173900,172500,173800,4144
컴투스,A078340,20210127,1015,172500,172700,171500,172500,3249
컴투스,A078340,20210127,1010,172400,172700,172300,172600,1057
컴투스,A078340,20210127,1005,171700,172500,171500,172300,1103
컴투스,A078340,20210127,1000,171200,171700,170700,171700,1825
컴투스,A078340,20210127,955,170900,171300,170600,171200,2177
컴투스,A078340,20210127,950,170400,171000,170400,170900,1532
컴투스,A078340,20210127,945,170800,171000,170400,170500,1260
컴투스,A078340,20210127,940,171200,171300,170800,170800,1496
컴투스,A078340,20210127,935,171200,171600,171100,171100,587
컴투스,A078340,20210127,930,170600,171200,170500,171200,1571
컴투스,A078340,20210127,925,170300,170700,170300,170600,1791
컴투스,A078340,20210127,920,171300,171300,170100,170300,5296
컴투스,A078340,20210127,915,171900,172100,171000,171300,4485
컴투스,A078340,20210127,910,172200,172300,171800,171900,2390
컴투스,A078340,20210127,905,173000,173100,172000,172200,2460
컴투스,A078340,20210126,1530,172600,172600,172600,172600,3152
컴투스,A078340,20210126,1520,172100,172900,172100,172700,2575
컴투스,A078340,20210126,1515,172200,172300,172000,172100,2539
컴투스,A078340,20210126,1510,172200,172200,172000,172100,1964
컴투스,A078340,20210126,1505,172200,172300,172100,172100,678
컴투스,A078340,20210126,1500,172100,172300,172100,172200,343
컴투스,A078340,20210126,1455,172100,172300,172100,172100,615
컴투스,A078340,20210126,1450,172200,172300,172100,172100,591
컴투스,A078340,20210126,1445,172300,172400,172100,172200,1362
컴투스,A078340,20210126,1440,172300,172500,172100,172300,1883
컴투스,A078340,20210126,1435,172600,172900,172300,172300,1273
컴투스,A078340,20210126,1430,172300,172700,172200,172500,1083
컴투스,A078340,20210126,1425,172600,172700,172100,172300,1648
컴투스,A078340,20210126,1420,172800,172900,172600,172600,471
컴투스,A078340,20210126,1415,172500,172900,172400,172800,1198
컴투스,A078340,20210126,1410,172500,172600,172500,172500,318
컴투스,A078340,20210126,1405,171700,172800,171700,172600,1248
컴투스,A078340,20210126,1400,172000,172100,171700,171700,2657
컴투스,A078340,20210126,1355,172200,172200,171900,172000,2953
컴투스,A078340,20210126,1350,172200,172300,172000,172200,1362
컴투스,A078340,20210126,1345,172300,172300,172100,172200,2272
컴투스,A078340,20210126,1340,172200,172500,172200,172300,1611
컴투스,A078340,20210126,1335,172500,172600,172200,172300,2675
컴투스,A078340,20210126,1330,172500,172600,172500,172500,343
컴투스,A078340,20210126,1325,172600,172600,172500,172600,482
컴투스,A078340,20210126,1320,172800,172800,172600,172600,574
컴투스,A078340,20210126,1315,173200,173500,172800,172800,389
컴투스,A078340,20210126,1310,173300,173300,173000,173200,1207
컴투스,A078340,20210126,1305,173200,173400,173100,173100,263
컴투스,A078340,20210126,1300,173400,173500,173300,173300,356
컴투스,A078340,20210126,1255,173400,173600,173200,173500,438
컴투스,A078340,20210126,1250,173200,173600,173200,173400,583
컴투스,A078340,20210126,1245,173000,173400,173000,173400,212
컴투스,A078340,20210126,1240,173300,173300,172900,173000,561
컴투스,A078340,20210126,1235,173300,173300,173100,173200,326
컴투스,A078340,20210126,1230,173200,173300,173000,173200,1044
컴투스,A078340,20210126,1225,173300,173500,173000,173100,402
컴투스,A078340,20210126,1220,173000,173500,172900,173300,541
컴투스,A078340,20210126,1215,173200,173200,172700,173000,572
컴투스,A078340,20210126,1210,172800,173400,172700,173200,345
컴투스,A078340,20210126,1205,172500,173000,172500,173000,663
컴투스,A078340,20210126,1200,172800,172900,172500,172600,638
컴투스,A078340,20210126,1155,172900,173200,172900,172900,408
컴투스,A078340,20210126,1150,173100,173100,172800,172900,177
컴투스,A078340,20210126,1145,172400,173000,172300,173000,710
컴투스,A078340,20210126,1140,172400,172400,172300,172400,1041
컴투스,A078340,20210126,1135,172500,172500,172300,172400,1596
컴투스,A078340,20210126,1130,172700,172800,172400,172400,1314
컴투스,A078340,20210126,1125,172700,173000,172500,172700,936
컴투스,A078340,20210126,1120,172500,172800,172500,172700,800
컴투스,A078340,20210126,1115,172800,172800,172500,172500,1104
컴투스,A078340,20210126,1110,172800,172800,172000,172800,3731
컴투스,A078340,20210126,1105,172800,172900,172600,172900,375
컴투스,A078340,20210126,1100,172800,173200,172700,172700,1583
컴투스,A078340,20210126,1055,172300,172800,172300,172800,1067
컴투스,A078340,20210126,1050,172600,172700,172300,172300,2453
컴투스,A078340,20210126,1045,172800,172800,172600,172600,550
컴투스,A078340,20210126,1040,173300,173500,172800,172800,668
컴투스,A078340,20210126,1035,172700,173100,172300,173100,1748
컴투스,A078340,20210126,1030,172900,173100,172600,172800,1085
컴투스,A078340,20210126,1025,173100,173100,172800,172900,625
컴투스,A078340,20210126,1020,173500,173500,173000,173100,1698
컴투스,A078340,20210126,1015,173800,173800,173300,173500,693
컴투스,A078340,20210126,1010,173900,174500,173800,173800,1520
컴투스,A078340,20210126,1005,173000,174200,173000,174000,1295
컴투스,A078340,20210126,1000,173100,173100,172900,173000,598
컴투스,A078340,20210126,955,173800,173800,173000,173000,706
컴투스,A078340,20210126,950,172900,173900,172900,173800,831
컴투스,A078340,20210126,945,172600,173300,172200,173000,963
컴투스,A078340,20210126,940,172200,172500,171700,172500,8469
컴투스,A078340,20210126,935,172800,172800,172200,172200,1656
컴투스,A078340,20210126,930,173400,173500,172400,172800,2003
컴투스,A078340,20210126,925,173300,173800,172600,173500,2223
컴투스,A078340,20210126,920,173800,173900,172500,173400,4787
컴투스,A078340,20210126,915,174000,174000,173600,173900,2103
컴투스,A078340,20210126,910,173900,174700,173800,173900,1187
컴투스,A078340,20210126,905,174700,174900,173500,174100,3859
컴투스,A078340,20210125,1530,175000,175000,175000,175000,4772
컴투스,A078340,20210125,1520,175000,175300,174800,175000,3330
컴투스,A078340,20210125,1515,175000,175000,174800,175000,2081
컴투스,A078340,20210125,1510,174700,175000,174700,175000,2440
컴투스,A078340,20210125,1505,174800,174800,174400,174800,2188
컴투스,A078340,20210125,1500,174400,174800,174200,174800,2172
컴투스,A078340,20210125,1455,174400,174500,174200,174300,844
컴투스,A078340,20210125,1450,173800,174600,173600,174400,2122
컴투스,A078340,20210125,1445,173700,173900,173700,173800,721
컴투스,A078340,20210125,1440,173800,174000,173600,173700,457
컴투스,A078340,20210125,1435,174000,174000,173800,173900,1036
컴투스,A078340,20210125,1430,173900,174000,173800,173900,870
컴투스,A078340,20210125,1425,173300,173900,173300,173900,777
컴투스,A078340,20210125,1420,173800,173900,173000,173300,2203
컴투스,A078340,20210125,1415,173500,173900,173400,173800,802
컴투스,A078340,20210125,1410,173600,173700,173400,173500,653
컴투스,A078340,20210125,1405,173900,173900,173500,173600,2252
컴투스,A078340,20210125,1400,173900,174000,173800,173900,515
컴투스,A078340,20210125,1355,174000,174000,173800,173900,876
컴투스,A078340,20210125,1350,173500,174100,173500,174000,3555
컴투스,A078340,20210125,1345,173600,173700,173300,173500,999
컴투스,A078340,20210125,1340,173600,173800,173500,173700,765
컴투스,A078340,20210125,1335,173600,173800,173300,173500,1806
컴투스,A078340,20210125,1330,173400,173700,173200,173600,2055
컴투스,A078340,20210125,1325,172900,173300,172900,173300,1221
컴투스,A078340,20210125,1320,172800,173000,172800,172900,535
컴투스,A078340,20210125,1315,173000,173000,172800,172900,461
컴투스,A078340,20210125,1310,172800,173000,172800,173000,1299
컴투스,A078340,20210125,1305,172900,173000,172800,172900,763
컴투스,A078340,20210125,1300,173000,173000,172700,172800,1005
컴투스,A078340,20210125,1255,173000,173100,172900,173100,699
컴투스,A078340,20210125,1250,172700,173200,172700,173000,1381
컴투스,A078340,20210125,1245,173000,173000,172700,172700,661
컴투스,A078340,20210125,1240,172900,173000,172800,173000,829
컴투스,A078340,20210125,1235,173000,173100,172900,172900,426
컴투스,A078340,20210125,1230,173100,173100,173000,173000,685
컴투스,A078340,20210125,1225,172600,173100,172600,173100,1518
컴투스,A078340,20210125,1220,172500,172700,172500,172600,347
컴투스,A078340,20210125,1215,172500,172700,172300,172400,564
컴투스,A078340,20210125,1210,172300,172500,172200,172500,920
컴투스,A078340,20210125,1205,172100,172400,172000,172200,838
컴투스,A078340,20210125,1200,172100,172200,171100,172100,1211
컴투스,A078340,20210125,1155,171800,172200,171800,172100,747
컴투스,A078340,20210125,1150,172500,172600,171500,171500,2037
컴투스,A078340,20210125,1145,172200,172700,172100,172500,998
컴투스,A078340,20210125,1140,172200,172400,171900,172300,1474
컴투스,A078340,20210125,1135,172300,172400,172100,172200,293
컴투스,A078340,20210125,1130,172800,172800,172200,172200,889
컴투스,A078340,20210125,1125,172500,173000,172400,172800,916
컴투스,A078340,20210125,1120,172400,172600,172000,172500,713
컴투스,A078340,20210125,1115,171900,172500,171600,172200,574
컴투스,A078340,20210125,1110,171900,172300,171500,171700,3337
컴투스,A078340,20210125,1105,171300,171900,171300,171900,2495
컴투스,A078340,20210125,1100,171400,171400,171300,171300,482
컴투스,A078340,20210125,1055,171300,171400,170800,171400,1949
컴투스,A078340,20210125,1050,170800,171400,170600,171300,948
컴투스,A078340,20210125,1045,171600,171600,170700,170800,4454
컴투스,A078340,20210125,1040,171600,171900,171500,171600,617
컴투스,A078340,20210125,1035,171500,171900,171400,171900,890
컴투스,A078340,20210125,1030,171900,172000,171400,171500,1660
컴투스,A078340,20210125,1025,171800,172000,171500,172000,2196
컴투스,A078340,20210125,1020,172200,172600,171700,171800,1924
컴투스,A078340,20210125,1015,172700,172700,171900,172200,1889
컴투스,A078340,20210125,1010,172700,172800,172500,172800,639
컴투스,A078340,20210125,1005,173400,173400,172400,172600,2185
컴투스,A078340,20210125,1000,172800,173400,172700,173300,1921
컴투스,A078340,20210125,955,173200,173400,172700,172900,1672
컴투스,A078340,20210125,950,172600,173400,172300,173200,2311
컴투스,A078340,20210125,945,172400,172600,171900,172500,2272
컴투스,A078340,20210125,940,172200,172500,171800,172100,2295
컴투스,A078340,20210125,935,171700,172800,171700,172200,2876
컴투스,A078340,20210125,930,171800,172000,171700,171700,841
컴투스,A078340,20210125,925,171300,171900,171300,171900,1221
컴투스,A078340,20210125,920,171500,171500,170800,171300,4389
컴투스,A078340,20210125,915,170900,172600,170800,171500,3707
컴투스,A078340,20210125,910,171500,171800,170600,170800,3309
컴투스,A078340,20210125,905,173200,173700,171300,171500,8461
컴투스,A078340,20210122,1530,171900,171900,171900,171900,3457
컴투스,A078340,20210122,1520,172000,172000,171700,171900,2591
컴투스,A078340,20210122,1515,171900,172400,171500,171900,7216
컴투스,A078340,20210122,1510,171800,172000,171700,171900,2246
컴투스,A078340,20210122,1505,172400,172400,171800,171800,2361
컴투스,A078340,20210122,1500,171900,172400,171700,172400,1206
컴투스,A078340,20210122,1455,171800,172200,171700,171900,1463
컴투스,A078340,20210122,1450,172200,172200,171700,171800,2819
컴투스,A078340,20210122,1445,172100,172400,171900,172100,1352
컴투스,A078340,20210122,1440,171900,172200,171700,172100,1368
컴투스,A078340,20210122,1435,171700,172100,171700,171800,2006
컴투스,A078340,20210122,1430,171700,172000,171500,171700,1491
컴투스,A078340,20210122,1425,172100,172100,171500,171700,4182
컴투스,A078340,20210122,1420,172500,172600,172100,172100,1141
컴투스,A078340,20210122,1415,172200,172600,172200,172500,1065
컴투스,A078340,20210122,1410,172200,172600,172200,172300,1089
컴투스,A078340,20210122,1405,172400,172900,172200,172200,1385
컴투스,A078340,20210122,1400,172400,172600,172300,172400,1007
컴투스,A078340,20210122,1355,172800,173000,172300,172400,1515
컴투스,A078340,20210122,1350,173000,173000,172500,172900,1714
컴투스,A078340,20210122,1345,172400,173100,172400,172900,2208
컴투스,A078340,20210122,1340,172400,172500,172100,172400,1504
컴투스,A078340,20210122,1335,172100,172500,171800,172200,1726
컴투스,A078340,20210122,1330,171500,172300,171500,172100,2019
컴투스,A078340,20210122,1325,171900,172000,171500,171500,1268
컴투스,A078340,20210122,1320,171400,172000,171400,171900,2016
컴투스,A078340,20210122,1315,170600,171500,170600,171400,1229
컴투스,A078340,20210122,1310,170900,171000,170300,170600,3135
컴투스,A078340,20210122,1305,171800,171900,170500,170800,5519
컴투스,A078340,20210122,1300,171000,171700,170700,171700,2912
컴투스,A078340,20210122,1255,171900,171900,170800,170900,5054
컴투스,A078340,20210122,1250,172100,172500,171800,171800,1212
컴투스,A078340,20210122,1245,172100,172500,171900,172100,1147
컴투스,A078340,20210122,1240,172500,172700,172100,172200,1777
컴투스,A078340,20210122,1235,172400,172800,172200,172500,995
컴투스,A078340,20210122,1230,172000,172500,172000,172400,1189
컴투스,A078340,20210122,1225,171100,172300,171000,172100,2146
컴투스,A078340,20210122,1220,171700,172200,171100,171100,3685
컴투스,A078340,20210122,1215,172400,172600,171600,171600,3847
컴투스,A078340,20210122,1210,172900,173100,172300,172400,3084
컴투스,A078340,20210122,1205,172900,173100,172700,172900,2089
컴투스,A078340,20210122,1200,173000,173300,172900,173000,1239
컴투스,A078340,20210122,1155,173300,173500,173000,173000,2070
컴투스,A078340,20210122,1150,173700,173800,173100,173500,2058
컴투스,A078340,20210122,1145,173100,173800,173000,173700,1402
컴투스,A078340,20210122,1140,173600,173700,173000,173000,2686
컴투스,A078340,20210122,1135,174100,174200,173600,173600,3885
컴투스,A078340,20210122,1130,174600,174600,174100,174100,3553
컴투스,A078340,20210122,1125,174700,174900,174500,174600,1971
컴투스,A078340,20210122,1120,174600,175200,174600,174700,2012
컴투스,A078340,20210122,1115,175900,175900,174500,174600,5495
컴투스,A078340,20210122,1110,177300,177300,175800,175900,3353
컴투스,A078340,20210122,1105,176100,177400,176000,177200,5882
컴투스,A078340,20210122,1100,174900,176500,174800,176400,5320
컴투스,A078340,20210122,1055,174700,175300,174600,174900,3079
컴투스,A078340,20210122,1050,174100,174800,174000,174700,3874
컴투스,A078340,20210122,1045,175600,175700,174200,174200,2914
컴투스,A078340,20210122,1040,175200,175700,174900,175600,3563
컴투스,A078340,20210122,1035,175700,175700,174100,175200,10429
컴투스,A078340,20210122,1030,177900,177900,175700,175700,6919
컴투스,A078340,20210122,1025,177700,178300,177000,177800,6900
컴투스,A078340,20210122,1020,176200,178600,176200,177900,23225
컴투스,A078340,20210122,1015,176400,176700,175800,176200,7145
컴투스,A078340,20210122,1010,175700,176500,175000,176400,8043
컴투스,A078340,20210122,1005,175400,176600,175300,175900,14451
컴투스,A078340,20210122,1000,175000,176300,175000,175400,10562
컴투스,A078340,20210122,955,173800,176800,173600,174900,31915
컴투스,A078340,20210122,950,174700,174900,172700,173800,13213
컴투스,A078340,20210122,945,171600,174900,171100,174700,24811
컴투스,A078340,20210122,940,171200,172300,170600,171500,13608
컴투스,A078340,20210122,935,168800,171600,168500,171300,22681
컴투스,A078340,20210122,930,168100,168700,167800,168700,3253
컴투스,A078340,20210122,925,168800,169000,167600,168100,3181
컴투스,A078340,20210122,920,168400,169100,168100,168900,8648
컴투스,A078340,20210122,915,167000,168300,167000,168300,6468
컴투스,A078340,20210122,910,168000,168100,166100,167000,6008
컴투스,A078340,20210122,905,167200,168200,167200,168000,5424
컴투스,A078340,20210121,1530,166900,166900,166900,166900,6246
컴투스,A078340,20210121,1520,165900,167000,165500,166900,7204
컴투스,A078340,20210121,1515,165900,166000,165400,165900,2750
컴투스,A078340,20210121,1510,166000,166100,165800,166000,1592
컴투스,A078340,20210121,1505,165700,166000,165700,165900,410
컴투스,A078340,20210121,1500,165300,165900,165300,165700,1001
컴투스,A078340,20210121,1455,165400,165600,165300,165300,1275
컴투스,A078340,20210121,1450,165300,165600,165300,165400,2087
컴투스,A078340,20210121,1445,165400,165700,165300,165300,2231
컴투스,A078340,20210121,1440,165600,165800,165300,165400,3805
컴투스,A078340,20210121,1435,165700,166000,165600,165800,2490
컴투스,A078340,20210121,1430,165900,165900,165700,165700,2439
컴투스,A078340,20210121,1425,166100,166300,165800,165800,1739
컴투스,A078340,20210121,1420,166300,166400,166000,166100,3180
컴투스,A078340,20210121,1415,166500,166500,166200,166300,1325
컴투스,A078340,20210121,1410,166600,166700,166400,166500,736
컴투스,A078340,20210121,1405,166900,166900,166600,166600,557
컴투스,A078340,20210121,1400,166900,167000,166800,166800,398
컴투스,A078340,20210121,1355,166800,167000,166700,166900,533
컴투스,A078340,20210121,1350,166500,167000,166500,166800,980
컴투스,A078340,20210121,1345,166800,166900,166500,166500,228
컴투스,A078340,20210121,1340,166600,167000,166600,166800,372
컴투스,A078340,20210121,1335,166300,167000,166200,167000,1971
컴투스,A078340,20210121,1330,166200,166500,166200,166400,520
컴투스,A078340,20210121,1325,166300,166700,166100,166200,1366
컴투스,A078340,20210121,1320,166500,166600,166200,166300,854
컴투스,A078340,20210121,1315,166500,166700,166300,166500,367
컴투스,A078340,20210121,1310,166700,166800,166200,166400,3668
컴투스,A078340,20210121,1305,166900,167000,166700,166700,297
컴투스,A078340,20210121,1300,167100,167200,166800,166900,1498
컴투스,A078340,20210121,1255,167000,167100,166900,167000,549
컴투스,A078340,20210121,1250,167000,167100,166900,167000,517
컴투스,A078340,20210121,1245,167200,167200,167000,167000,807
컴투스,A078340,20210121,1240,167200,167200,167100,167200,1068
컴투스,A078340,20210121,1235,167400,167500,167200,167200,1416
컴투스,A078340,20210121,1230,167400,167500,167400,167500,204
컴투스,A078340,20210121,1225,167500,167600,167400,167500,1147
컴투스,A078340,20210121,1220,167500,167600,167500,167500,496
컴투스,A078340,20210121,1215,167500,167600,167500,167500,338
컴투스,A078340,20210121,1210,167700,167700,167500,167600,920
컴투스,A078340,20210121,1205,167700,167800,167700,167800,298
컴투스,A078340,20210121,1200,168000,168100,167700,167700,1988
컴투스,A078340,20210121,1155,168100,168100,167900,168100,206
컴투스,A078340,20210121,1150,167600,168500,167500,168200,1033
컴투스,A078340,20210121,1145,167500,167700,167500,167600,281
컴투스,A078340,20210121,1140,167600,167700,167500,167600,1864
컴투스,A078340,20210121,1135,167800,167800,167600,167700,963
컴투스,A078340,20210121,1130,167800,167800,167600,167800,961
컴투스,A078340,20210121,1125,167900,167900,167600,167800,1154
컴투스,A078340,20210121,1120,168300,168500,167800,167800,755
컴투스,A078340,20210121,1115,168200,168500,168100,168300,1207
컴투스,A078340,20210121,1110,168100,168200,168000,168100,311
컴투스,A078340,20210121,1105,167900,168300,167900,168100,672
컴투스,A078340,20210121,1100,167800,167900,167700,167900,858
컴투스,A078340,20210121,1055,167600,167800,167500,167800,1349
컴투스,A078340,20210121,1050,167800,167800,167400,167600,866
컴투스,A078340,20210121,1045,167900,168000,167700,167700,1530
컴투스,A078340,20210121,1040,167500,167900,167500,167800,684
컴투스,A078340,20210121,1035,167700,167700,167500,167600,359
컴투스,A078340,20210121,1030,168000,168100,167500,167600,664
컴투스,A078340,20210121,1025,167300,168300,167300,168000,1548
컴투스,A078340,20210121,1020,167200,167500,166800,167500,2431
컴투스,A078340,20210121,1015,167700,167900,167300,167300,1606
컴투스,A078340,20210121,1010,168100,168200,167400,167900,2877
컴투스,A078340,20210121,1005,168200,168300,168100,168100,832
컴투스,A078340,20210121,1000,168600,168600,168200,168200,838
컴투스,A078340,20210121,955,168800,168900,168400,168600,1598
컴투스,A078340,20210121,950,168900,169000,168800,168800,1884
컴투스,A078340,20210121,945,168500,168800,167800,168800,2877
컴투스,A078340,20210121,940,167400,169500,167400,168100,9043
컴투스,A078340,20210121,935,167700,167700,167200,167300,1139
컴투스,A078340,20210121,930,167000,167900,167000,167700,1743
컴투스,A078340,20210121,925,166800,167000,166100,166900,1567
컴투스,A078340,20210121,920,167200,167700,166900,166900,2148
컴투스,A078340,20210121,915,166900,167500,166800,167200,2003
컴투스,A078340,20210121,910,166000,167400,165800,166800,1936
컴투스,A078340,20210121,905,166300,166400,165200,165800,3609
컴투스,A078340,20210120,1530,166300,166300,166300,166300,3610
컴투스,A078340,20210120,1520,164800,165700,164800,165500,2619
컴투스,A078340,20210120,1515,165000,165100,164700,164800,3878
컴투스,A078340,20210120,1510,165100,165300,165000,165000,2609
컴투스,A078340,20210120,1505,165500,165600,164800,165200,5134
컴투스,A078340,20210120,1500,165500,165600,165400,165500,1294
컴투스,A078340,20210120,1455,165500,165600,165400,165600,1754
컴투스,A078340,20210120,1450,166700,166900,165500,165600,7117
컴투스,A078340,20210120,1445,165800,166800,165700,166700,2549
컴투스,A078340,20210120,1440,166300,166600,165800,165800,2305
컴투스,A078340,20210120,1435,166600,166600,166300,166400,872
컴투스,A078340,20210120,1430,166500,166700,166500,166600,388
컴투스,A078340,20210120,1425,166600,166800,166400,166500,441
컴투스,A078340,20210120,1420,166000,166800,166000,166600,1229
컴투스,A078340,20210120,1415,166200,166500,166000,166000,809
컴투스,A078340,20210120,1410,166100,166400,166000,166200,483
컴투스,A078340,20210120,1405,166100,166400,166000,166100,526
컴투스,A078340,20210120,1400,166600,166700,166100,166100,565
컴투스,A078340,20210120,1355,167100,167200,166600,166600,456
컴투스,A078340,20210120,1350,167600,167800,166800,167100,1103
컴투스,A078340,20210120,1345,166600,167600,166500,167600,4723
컴투스,A078340,20210120,1340,165800,166700,165800,166600,1599
컴투스,A078340,20210120,1335,165900,165900,165700,165800,517
컴투스,A078340,20210120,1330,165900,166000,165900,165900,525
컴투스,A078340,20210120,1325,166400,166400,165900,165900,812
컴투스,A078340,20210120,1320,166000,166400,166000,166300,1552
컴투스,A078340,20210120,1315,166200,166200,165900,166100,585
컴투스,A078340,20210120,1310,166100,166200,165900,166100,770
컴투스,A078340,20210120,1305,166200,166300,165900,166100,483
컴투스,A078340,20210120,1300,165900,166300,165900,166200,858
컴투스,A078340,20210120,1255,165900,166000,165700,166000,492
컴투스,A078340,20210120,1250,165800,166000,165800,165800,727
컴투스,A078340,20210120,1245,165600,166000,165500,165900,1072
컴투스,A078340,20210120,1240,165800,165900,165500,165600,553
컴투스,A078340,20210120,1235,165700,165900,165500,165800,872
컴투스,A078340,20210120,1230,165600,165700,165400,165700,479
컴투스,A078340,20210120,1225,165700,165900,165500,165700,1153
컴투스,A078340,20210120,1220,165700,165800,165600,165600,227
컴투스,A078340,20210120,1215,165700,165900,165600,165600,448
컴투스,A078340,20210120,1210,165800,165900,165200,165700,591
컴투스,A078340,20210120,1205,166500,166500,165800,165800,689
컴투스,A078340,20210120,1200,166200,166500,166100,166500,1022
컴투스,A078340,20210120,1155,166400,166400,166200,166300,537
컴투스,A078340,20210120,1150,166100,166500,166000,166400,1104
컴투스,A078340,20210120,1145,166000,166500,166000,166100,1007
컴투스,A078340,20210120,1140,166300,166400,165900,166000,847
컴투스,A078340,20210120,1135,166100,166500,165900,166300,2717
컴투스,A078340,20210120,1130,165400,166200,165400,166100,2614
컴투스,A078340,20210120,1125,164600,165500,164300,165500,1357
컴투스,A078340,20210120,1120,164900,164900,164100,164600,1089
컴투스,A078340,20210120,1115,165300,165400,164700,164900,1521
컴투스,A078340,20210120,1110,165200,165400,164800,165200,900
컴투스,A078340,20210120,1105,165200,165600,165000,165300,1175
컴투스,A078340,20210120,1100,164700,165300,164600,165100,690
컴투스,A078340,20210120,1055,164900,164900,164600,164700,542
컴투스,A078340,20210120,1050,164300,164900,164300,164900,549
컴투스,A078340,20210120,1045,163800,164500,163800,164300,847
컴투스,A078340,20210120,1040,164000,164200,163800,163800,1654
컴투스,A078340,20210120,1035,164100,164200,163800,164000,2047
컴투스,A078340,20210120,1030,164300,164800,164100,164200,2164
컴투스,A078340,20210120,1025,164500,164500,164200,164200,705
컴투스,A078340,20210120,1020,164700,164900,164200,164400,673
컴투스,A078340,20210120,1015,164200,164900,164200,164800,1547
컴투스,A078340,20210120,1010,164300,164500,164200,164200,907
컴투스,A078340,20210120,1005,165400,165500,164100,164100,2142
컴투스,A078340,20210120,1000,165400,165800,165300,165400,684
컴투스,A078340,20210120,955,165600,166300,165300,165300,1479
컴투스,A078340,20210120,950,166000,166200,165500,165500,2244
컴투스,A078340,20210120,945,165600,166500,165300,166000,3248
컴투스,A078340,20210120,940,164700,165900,164700,165600,2574
컴투스,A078340,20210120,935,163700,164900,163700,164700,1683
컴투스,A078340,20210120,930,164500,164500,163600,163600,7514
컴투스,A078340,20210120,925,164600,164600,164400,164600,1280
컴투스,A078340,20210120,920,164600,164800,164100,164600,3741
컴투스,A078340,20210120,915,165100,165400,164300,164600,5615
컴투스,A078340,20210120,910,165500,165700,165000,165300,3013
컴투스,A078340,20210120,905,165700,165900,164900,165600,6109
컴투스,A078340,20210119,1530,165900,165900,165900,165900,3399
컴투스,A078340,20210119,1520,166000,166000,165000,165800,3071
컴투스,A078340,20210119,1515,166000,166100,165700,165900,778
컴투스,A078340,20210119,1510,165800,166300,165700,165900,1000
컴투스,A078340,20210119,1505,165600,166800,165400,166000,2839
컴투스,A078340,20210119,1500,165800,165900,165600,165600,911
컴투스,A078340,20210119,1455,165300,166000,165300,165800,1042
컴투스,A078340,20210119,1450,165800,166000,165300,165300,1705
컴투스,A078340,20210119,1445,164900,166100,164900,165900,1492
컴투스,A078340,20210119,1440,166400,166400,164700,165000,12240
컴투스,A078340,20210119,1435,166500,166700,166400,166400,1048
컴투스,A078340,20210119,1430,166500,166700,166400,166400,807
컴투스,A078340,20210119,1425,166900,167300,166500,166600,1155
컴투스,A078340,20210119,1420,166200,167000,166200,166900,1158
컴투스,A078340,20210119,1415,166200,166700,166200,166200,1268
컴투스,A078340,20210119,1410,166600,166800,166200,166200,1009
컴투스,A078340,20210119,1405,166300,167000,166200,166700,1499
컴투스,A078340,20210119,1400,166400,166500,166200,166300,2004
컴투스,A078340,20210119,1355,166400,166800,166400,166400,458
컴투스,A078340,20210119,1350,166300,166900,166000,166300,1255
컴투스,A078340,20210119,1345,166400,166900,166300,166300,938
컴투스,A078340,20210119,1340,166400,167100,166200,166400,540
컴투스,A078340,20210119,1335,166200,167100,166100,166500,957
컴투스,A078340,20210119,1330,166400,166500,166000,166300,2250
컴투스,A078340,20210119,1325,166400,166500,166300,166400,2359
컴투스,A078340,20210119,1320,166600,166600,166100,166400,2039
컴투스,A078340,20210119,1315,166800,166900,166600,166600,1895
컴투스,A078340,20210119,1310,166800,167000,166800,167000,733
컴투스,A078340,20210119,1305,166900,167000,166800,167000,352
컴투스,A078340,20210119,1300,166800,167000,166700,166900,263
컴투스,A078340,20210119,1255,167000,167300,166800,166800,1135
컴투스,A078340,20210119,1250,167100,167200,166900,167000,276
컴투스,A078340,20210119,1245,167300,167400,166800,167100,516
컴투스,A078340,20210119,1240,167200,167400,166900,167300,631
컴투스,A078340,20210119,1235,167100,167400,167100,167200,286
컴투스,A078340,20210119,1230,167000,167100,166800,167000,1214
컴투스,A078340,20210119,1225,166900,167100,166900,166900,340
컴투스,A078340,20210119,1220,166800,167000,166800,166900,1397
컴투스,A078340,20210119,1215,166900,167000,166800,166900,202
컴투스,A078340,20210119,1210,167100,167100,166900,166900,309
컴투스,A078340,20210119,1205,167200,167400,166900,167000,261
컴투스,A078340,20210119,1200,166800,167400,166700,167300,295
컴투스,A078340,20210119,1155,166800,167600,166700,166800,846
컴투스,A078340,20210119,1150,167500,167600,166700,166700,243
컴투스,A078340,20210119,1145,166600,167500,166600,167500,978
컴투스,A078340,20210119,1140,166700,166800,166600,166600,336
컴투스,A078340,20210119,1135,166700,166800,166500,166700,753
컴투스,A078340,20210119,1130,166800,166900,166500,166800,2047
컴투스,A078340,20210119,1125,167000,167100,166800,166800,1602
컴투스,A078340,20210119,1120,166800,167000,166500,166900,751
컴투스,A078340,20210119,1115,166900,167000,166000,166800,3965
컴투스,A078340,20210119,1110,167200,167200,166600,166800,396
컴투스,A078340,20210119,1105,167300,167500,166700,167200,988
컴투스,A078340,20210119,1100,166500,167400,166500,167300,619
컴투스,A078340,20210119,1055,166900,167100,166400,166400,1973
컴투스,A078340,20210119,1050,167100,167100,166700,166900,1237
컴투스,A078340,20210119,1045,167100,167200,166900,167100,590
컴투스,A078340,20210119,1040,167100,167200,166900,167000,1721
컴투스,A078340,20210119,1035,167200,167600,167100,167100,1094
컴투스,A078340,20210119,1030,167900,168000,167200,167200,1055
컴투스,A078340,20210119,1025,167400,167900,167400,167900,1091
컴투스,A078340,20210119,1020,167100,167800,167100,167400,748
컴투스,A078340,20210119,1015,168200,168200,167200,167200,2281
컴투스,A078340,20210119,1010,168400,168500,168000,168200,769
컴투스,A078340,20210119,1005,167700,168400,167600,168400,1591
컴투스,A078340,20210119,1000,168000,168000,167700,167800,894
컴투스,A078340,20210119,955,167800,168000,167700,168000,1340
컴투스,A078340,20210119,950,167500,167800,167300,167800,1428
컴투스,A078340,20210119,945,166700,167500,166600,167500,4125
컴투스,A078340,20210119,940,167800,167800,166700,166800,3938
컴투스,A078340,20210119,935,168200,168400,167700,168000,2214
컴투스,A078340,20210119,930,168700,169100,168200,168200,2483
컴투스,A078340,20210119,925,168300,169300,168100,168700,5429
컴투스,A078340,20210119,920,168000,168800,167300,168300,5556
컴투스,A078340,20210119,915,166600,168000,166400,168000,2706
컴투스,A078340,20210119,910,167000,167900,166500,166600,1627
컴투스,A078340,20210119,905,166000,168700,166000,167000,3232
컴투스,A078340,20210118,1530,166000,166000,166000,166000,5837
컴투스,A078340,20210118,1520,165000,166200,164300,165000,8146
컴투스,A078340,20210118,1515,165800,165800,164900,165100,7499
컴투스,A078340,20210118,1510,166700,166700,165700,165700,3101
컴투스,A078340,20210118,1505,166600,166800,166300,166700,1801
컴투스,A078340,20210118,1500,166600,166800,166300,166600,2451
컴투스,A078340,20210118,1455,167400,167500,166600,166700,1786
컴투스,A078340,20210118,1450,167600,167600,167000,167400,1484
컴투스,A078340,20210118,1445,168000,168100,167000,167600,2383
컴투스,A078340,20210118,1440,166000,168000,166000,168000,2923
컴투스,A078340,20210118,1435,166400,166800,165800,166000,2469
컴투스,A078340,20210118,1430,165900,166600,165600,166500,963
컴투스,A078340,20210118,1425,166900,166900,165600,166000,3366
컴투스,A078340,20210118,1420,166900,167300,166900,166900,1638
컴투스,A078340,20210118,1415,166900,167200,166700,166900,1605
컴투스,A078340,20210118,1410,167300,167400,166700,166900,720
컴투스,A078340,20210118,1405,167200,167300,167000,167300,733
컴투스,A078340,20210118,1400,167200,167200,166700,167100,577
컴투스,A078340,20210118,1355,166700,167300,166600,167200,1194
컴투스,A078340,20210118,1350,166100,166800,165500,166600,4342
컴투스,A078340,20210118,1345,166500,166900,166100,166100,1981
컴투스,A078340,20210118,1340,167000,167100,166500,166600,1546
컴투스,A078340,20210118,1335,166800,167100,166600,167000,1563
컴투스,A078340,20210118,1330,167500,167600,166600,166700,2445
컴투스,A078340,20210118,1325,167600,168100,167300,167500,1215
컴투스,A078340,20210118,1320,167500,168000,167400,167600,878
컴투스,A078340,20210118,1315,167900,168000,167300,167600,1379
컴투스,A078340,20210118,1310,168000,168000,167400,168000,1275
컴투스,A078340,20210118,1305,168000,168200,167700,168000,846
컴투스,A078340,20210118,1300,168500,168700,168000,168000,1287
컴투스,A078340,20210118,1255,168600,168800,168500,168600,510
컴투스,A078340,20210118,1250,168800,169000,168300,168700,857
컴투스,A078340,20210118,1245,168500,168800,168300,168800,953
컴투스,A078340,20210118,1240,168900,169000,168500,168500,1076
컴투스,A078340,20210118,1235,168600,168900,168600,168900,634
컴투스,A078340,20210118,1230,168800,168900,168600,168700,553
컴투스,A078340,20210118,1225,168600,168800,168600,168800,487
컴투스,A078340,20210118,1220,168600,168700,168600,168700,379
컴투스,A078340,20210118,1215,168500,168700,167900,168700,685
컴투스,A078340,20210118,1210,168400,168700,167900,168600,640
컴투스,A078340,20210118,1205,168600,168700,168300,168400,487
컴투스,A078340,20210118,1200,168700,168700,168300,168600,600
컴투스,A078340,20210118,1155,168300,168700,168300,168700,1339
컴투스,A078340,20210118,1150,167900,168300,167900,168300,775
컴투스,A078340,20210118,1145,168200,168200,167900,168000,682
컴투스,A078340,20210118,1140,168300,168300,168000,168200,720
컴투스,A078340,20210118,1135,168400,168500,168200,168300,515
컴투스,A078340,20210118,1130,168600,168700,168000,168400,1189
컴투스,A078340,20210118,1125,168800,169000,168600,168600,977
컴투스,A078340,20210118,1120,168300,168900,168200,168800,1920
컴투스,A078340,20210118,1115,168200,168400,168100,168300,622
컴투스,A078340,20210118,1110,168500,168500,167800,168300,1053
컴투스,A078340,20210118,1105,168500,168800,168400,168500,1700
컴투스,A078340,20210118,1100,168400,168500,168200,168500,614
컴투스,A078340,20210118,1055,168700,168800,168400,168500,1162
컴투스,A078340,20210118,1050,168400,168800,168400,168700,1276
컴투스,A078340,20210118,1045,168000,168700,168000,168400,753
컴투스,A078340,20210118,1040,167500,168500,167300,168000,1011
컴투스,A078340,20210118,1035,168000,168100,167500,167600,768
컴투스,A078340,20210118,1030,167700,168000,167600,167900,834
컴투스,A078340,20210118,1025,167900,168000,167600,168000,313
컴투스,A078340,20210118,1020,167400,168000,167400,167700,650
컴투스,A078340,20210118,1015,168100,168200,167400,167400,827
컴투스,A078340,20210118,1010,168300,168400,167500,168200,985
컴투스,A078340,20210118,1005,168200,168300,167500,168200,686
컴투스,A078340,20210118,1000,167700,168100,167100,168100,2459
컴투스,A078340,20210118,955,168100,168100,167200,167500,1681
컴투스,A078340,20210118,950,168700,168800,168000,168100,1315
컴투스,A078340,20210118,945,169000,169000,168400,168900,990
컴투스,A078340,20210118,940,169100,169400,168400,168800,1003
컴투스,A078340,20210118,935,167600,169100,167400,169100,2336
컴투스,A078340,20210118,930,168400,168500,167600,167600,2282
컴투스,A078340,20210118,925,166800,168700,166600,168300,6789
컴투스,A078340,20210118,920,167700,168200,166300,166800,3119
컴투스,A078340,20210118,915,167300,168800,167200,167800,4492
컴투스,A078340,20210118,910,164900,167400,164600,167200,4314
컴투스,A078340,20210118,905,166400,167700,164300,164900,6322
컴투스,A078340,20210115,1530,169000,169000,169000,169000,4538
컴투스,A078340,20210115,1520,167600,168200,167400,167900,4291
컴투스,A078340,20210115,1515,167700,167800,167400,167600,3527
컴투스,A078340,20210115,1510,167100,167900,167000,167700,3242
컴투스,A078340,20210115,1505,167200,167300,167000,167000,2375
컴투스,A078340,20210115,1500,167300,167400,167100,167200,1521
컴투스,A078340,20210115,1455,167400,167500,167300,167300,890
컴투스,A078340,20210115,1450,167500,167600,167400,167500,2394
컴투스,A078340,20210115,1445,167500,167900,167300,167500,1859
컴투스,A078340,20210115,1440,167400,168000,167400,167400,4302
컴투스,A078340,20210115,1435,167000,167500,167000,167400,1075
컴투스,A078340,20210115,1430,167100,167100,167000,167000,2191
컴투스,A078340,20210115,1425,167200,167300,167000,167200,1762
컴투스,A078340,20210115,1420,167500,167500,167200,167300,869
컴투스,A078340,20210115,1415,167600,167800,167400,167400,589
컴투스,A078340,20210115,1410,167500,167600,167100,167600,1497
컴투스,A078340,20210115,1405,168200,168300,167300,167500,3440
컴투스,A078340,20210115,1400,168300,168400,168200,168200,610
컴투스,A078340,20210115,1355,168300,168400,168200,168400,752
컴투스,A078340,20210115,1350,168800,168900,168300,168400,923
컴투스,A078340,20210115,1345,168400,168800,168300,168800,460
컴투스,A078340,20210115,1340,168500,168500,168400,168500,675
컴투스,A078340,20210115,1335,168400,168500,168300,168500,1448
컴투스,A078340,20210115,1330,168400,168500,168300,168400,925
컴투스,A078340,20210115,1325,168400,168500,168400,168400,698
컴투스,A078340,20210115,1320,168300,168500,168200,168400,862
컴투스,A078340,20210115,1315,168600,168900,168300,168300,796
컴투스,A078340,20210115,1310,168500,168700,168300,168500,856
컴투스,A078340,20210115,1305,168600,168900,168100,168400,2369
컴투스,A078340,20210115,1300,168400,168900,168300,168500,322
컴투스,A078340,20210115,1255,169100,169200,168300,168300,3223
컴투스,A078340,20210115,1250,169100,169200,169000,169100,1067
컴투스,A078340,20210115,1245,169100,169200,169000,169000,719
컴투스,A078340,20210115,1240,169000,169100,169000,169100,1246
컴투스,A078340,20210115,1235,168800,169100,168700,169000,697
컴투스,A078340,20210115,1230,168700,168800,168500,168700,1282
컴투스,A078340,20210115,1225,168800,169100,168600,168800,732
컴투스,A078340,20210115,1220,168700,168900,168600,168800,702
컴투스,A078340,20210115,1215,168700,169100,168600,168700,1515
컴투스,A078340,20210115,1210,168800,168900,168600,168800,852
컴투스,A078340,20210115,1205,169200,169200,168400,168800,1106
컴투스,A078340,20210115,1200,168900,169200,168900,169200,1580
컴투스,A078340,20210115,1155,168700,169100,168600,168900,965
컴투스,A078340,20210115,1150,168700,168700,168200,168700,937
컴투스,A078340,20210115,1145,167600,168900,167600,168800,2581
컴투스,A078340,20210115,1140,167200,167800,167200,167500,569
컴투스,A078340,20210115,1135,167300,167600,167100,167300,639
컴투스,A078340,20210115,1130,167000,167400,167000,167400,1299
컴투스,A078340,20210115,1125,166900,167100,166900,167000,1404
컴투스,A078340,20210115,1120,167000,167100,166900,166900,1412
컴투스,A078340,20210115,1115,167500,167600,167000,167000,1105
컴투스,A078340,20210115,1110,167700,168000,167300,167500,1094
컴투스,A078340,20210115,1105,166900,167900,166600,167700,1578
컴투스,A078340,20210115,1100,167100,167100,166600,166800,1722
컴투스,A078340,20210115,1055,167700,167800,167000,167100,1535
컴투스,A078340,20210115,1050,168000,168000,167600,167700,829
컴투스,A078340,20210115,1045,168800,168900,167700,168100,1981
컴투스,A078340,20210115,1040,167600,168900,167600,168800,2454
컴투스,A078340,20210115,1035,167200,167700,167000,167600,898
컴투스,A078340,20210115,1030,167300,167400,167100,167200,1494
컴투스,A078340,20210115,1025,167300,167500,167200,167400,842
컴투스,A078340,20210115,1020,167400,167800,166800,167200,3156
컴투스,A078340,20210115,1015,165900,167500,165900,167400,5618
컴투스,A078340,20210115,1010,166400,166800,165900,165900,5811
컴투스,A078340,20210115,1005,166800,166900,166200,166500,3749
컴투스,A078340,20210115,1000,167100,167500,166800,166800,3938
컴투스,A078340,20210115,955,168000,168100,167100,167100,6184
컴투스,A078340,20210115,950,168500,168700,168100,168100,1768
컴투스,A078340,20210115,945,168800,168800,168300,168500,2555
컴투스,A078340,20210115,940,168900,169000,168800,168900,1208
컴투스,A078340,20210115,935,169000,169400,168900,168900,1460
컴투스,A078340,20210115,930,169000,169000,168200,169000,3177
컴투스,A078340,20210115,925,169300,169500,168900,168900,2481
컴투스,A078340,20210115,920,170200,170200,169200,169400,2956
컴투스,A078340,20210115,915,169900,170500,169900,170200,2106
컴투스,A078340,20210115,910,170600,170700,169100,169900,5354
컴투스,A078340,20210115,905,172600,172700,170300,170700,10775
컴투스,A078340,20210114,1530,169000,169000,169000,169000,6755
컴투스,A078340,20210114,1520,167000,169200,166900,168900,11584
컴투스,A078340,20210114,1515,167000,167200,166900,166900,2398
컴투스,A078340,20210114,1510,167300,167400,166900,167000,4824
컴투스,A078340,20210114,1505,167400,167500,167100,167300,2811
컴투스,A078340,20210114,1500,167200,167500,167100,167400,1526
컴투스,A078340,20210114,1455,167300,167400,167200,167200,1479
컴투스,A078340,20210114,1450,167300,167300,167100,167200,1203
컴투스,A078340,20210114,1445,167400,167600,167200,167200,2407
컴투스,A078340,20210114,1440,167500,167500,167200,167300,3110
컴투스,A078340,20210114,1435,167600,167700,167400,167400,1638
컴투스,A078340,20210114,1430,167600,167800,167500,167600,3055
컴투스,A078340,20210114,1425,167600,167800,167500,167700,2121
컴투스,A078340,20210114,1420,167500,167900,167500,167600,1396
컴투스,A078340,20210114,1415,167600,167800,167500,167500,1276
컴투스,A078340,20210114,1410,167400,167700,167400,167500,1221
컴투스,A078340,20210114,1405,167500,167700,167400,167400,1603
컴투스,A078340,20210114,1400,167700,167900,167500,167500,1027
컴투스,A078340,20210114,1355,167800,168000,167700,167800,1365
컴투스,A078340,20210114,1350,168000,168100,167800,167800,782
컴투스,A078340,20210114,1345,167900,168100,167700,167900,1224
컴투스,A078340,20210114,1340,168000,168100,167900,167900,1228
컴투스,A078340,20210114,1335,167700,168100,167600,168100,1041
컴투스,A078340,20210114,1330,167500,167700,167500,167700,1295
컴투스,A078340,20210114,1325,167400,167600,167200,167600,1119
컴투스,A078340,20210114,1320,168000,168000,167200,167300,4392
컴투스,A078340,20210114,1315,168100,168100,167900,168000,843
컴투스,A078340,20210114,1310,168100,168200,168000,168200,858
컴투스,A078340,20210114,1305,168100,168200,168000,168100,726
컴투스,A078340,20210114,1300,168100,168200,168000,168100,1015
컴투스,A078340,20210114,1255,168000,168200,168000,168200,559
컴투스,A078340,20210114,1250,168000,168100,168000,168000,852
컴투스,A078340,20210114,1245,168200,168200,167900,168100,2722
컴투스,A078340,20210114,1240,168300,168400,168100,168200,1093
컴투스,A078340,20210114,1235,168400,168600,168300,168400,477
컴투스,A078340,20210114,1230,168400,168500,168200,168400,413
컴투스,A078340,20210114,1225,168700,168700,168000,168300,3598
컴투스,A078340,20210114,1220,168700,168900,168700,168700,921
컴투스,A078340,20210114,1215,168800,168900,168700,168700,408
컴투스,A078340,20210114,1210,168900,168900,168700,168800,881
컴투스,A078340,20210114,1205,168900,168900,168800,168900,382
컴투스,A078340,20210114,1200,168900,169000,168800,168900,275
컴투스,A078340,20210114,1155,169000,169000,168800,168900,877
컴투스,A078340,20210114,1150,169000,169400,168900,168900,2358
컴투스,A078340,20210114,1145,168700,169000,168500,169000,2841
컴투스,A078340,20210114,1140,168400,168700,168100,168600,526
컴투스,A078340,20210114,1135,168400,168500,168300,168400,267
컴투스,A078340,20210114,1130,168300,168500,168200,168400,573
컴투스,A078340,20210114,1125,168700,168800,167900,168400,4682
컴투스,A078340,20210114,1120,168700,168800,168600,168800,1152
컴투스,A078340,20210114,1115,168200,169200,168000,168700,5633
컴투스,A078340,20210114,1110,168200,168200,168000,168200,2201
컴투스,A078340,20210114,1105,168300,168300,168100,168200,1335
컴투스,A078340,20210114,1100,168500,168500,168300,168300,1327
컴투스,A078340,20210114,1055,168500,168700,168300,168500,647
컴투스,A078340,20210114,1050,168500,168600,168300,168400,621
컴투스,A078340,20210114,1045,168500,168800,168200,168600,1446
컴투스,A078340,20210114,1040,168700,168900,168500,168500,1001
컴투스,A078340,20210114,1035,168700,168700,168300,168700,1213
컴투스,A078340,20210114,1030,168400,168700,168400,168700,1365
컴투스,A078340,20210114,1025,168500,168700,168400,168500,978
컴투스,A078340,20210114,1020,168200,168500,168200,168500,1171
컴투스,A078340,20210114,1015,168800,168900,168200,168200,3533
컴투스,A078340,20210114,1010,168600,168900,168600,168800,1091
컴투스,A078340,20210114,1005,168700,168700,168500,168600,1930
컴투스,A078340,20210114,1000,168900,168900,168500,168600,1621
컴투스,A078340,20210114,955,168200,168900,168200,168900,1435
컴투스,A078340,20210114,950,169300,169300,168100,168200,5039
컴투스,A078340,20210114,945,169400,169600,169300,169300,1595
컴투스,A078340,20210114,940,170000,170000,169200,169400,2967
컴투스,A078340,20210114,935,169400,170200,169400,170000,3557
컴투스,A078340,20210114,930,170300,170400,169100,169400,5030
컴투스,A078340,20210114,925,169200,170800,169100,170400,8246
컴투스,A078340,20210114,920,169700,170200,169100,169100,8993
컴투스,A078340,20210114,915,168100,170200,167900,169700,14314
컴투스,A078340,20210114,910,167500,168400,167500,168100,3380
컴투스,A078340,20210114,905,168900,169000,167200,167500,8698
컴투스,A078340,20210113,1530,166300,166300,166300,166300,3106
컴투스,A078340,20210113,1520,166400,166400,166200,166400,1600
컴투스,A078340,20210113,1515,166100,166500,166000,166300,1783
컴투스,A078340,20210113,1510,166300,166300,165900,166000,2897
컴투스,A078340,20210113,1505,166400,166700,166200,166300,2095
컴투스,A078340,20210113,1500,166100,166900,166100,166500,4062
컴투스,A078340,20210113,1455,165900,166300,165700,166200,2629
컴투스,A078340,20210113,1450,165800,166100,165700,165900,2874
컴투스,A078340,20210113,1445,166000,166000,165800,165800,2466
컴투스,A078340,20210113,1440,165300,166100,165200,166000,2718
컴투스,A078340,20210113,1435,165000,165700,164900,165600,1603
컴투스,A078340,20210113,1430,165600,165900,165000,165000,3413
컴투스,A078340,20210113,1425,165800,165900,165600,165600,1171
컴투스,A078340,20210113,1420,164800,166500,164600,165700,5099
컴투스,A078340,20210113,1415,164400,164700,164300,164700,1478
컴투스,A078340,20210113,1410,164400,164600,164400,164400,857
컴투스,A078340,20210113,1405,164500,164700,164400,164500,974
컴투스,A078340,20210113,1400,164500,164800,164500,164600,515
컴투스,A078340,20210113,1355,164800,164900,164500,164500,749
컴투스,A078340,20210113,1350,165100,165300,164800,164800,1093
컴투스,A078340,20210113,1345,165000,165100,164900,165100,684
컴투스,A078340,20210113,1340,165000,165200,164900,165100,845
컴투스,A078340,20210113,1335,164800,165300,164800,165100,629
컴투스,A078340,20210113,1330,164800,165100,164600,164800,676
컴투스,A078340,20210113,1325,164800,165000,164600,164600,1096
컴투스,A078340,20210113,1320,165000,165200,164800,164800,887
컴투스,A078340,20210113,1315,164800,165100,164700,165000,734
컴투스,A078340,20210113,1310,164500,165000,164500,164800,517
컴투스,A078340,20210113,1305,165000,165400,164500,164700,1843
컴투스,A078340,20210113,1300,164500,165000,164500,164900,945
컴투스,A078340,20210113,1255,165000,165200,164500,164600,797
컴투스,A078340,20210113,1250,164800,165300,164500,165100,676
컴투스,A078340,20210113,1245,165000,165200,164600,164900,574
컴투스,A078340,20210113,1240,163900,165300,163700,165000,1927
컴투스,A078340,20210113,1235,164200,164600,163900,163900,843
컴투스,A078340,20210113,1230,164500,165100,164200,164200,494
컴투스,A078340,20210113,1225,164400,165300,164400,164700,2197
컴투스,A078340,20210113,1220,163900,164500,163600,164500,722
컴투스,A078340,20210113,1215,164200,164400,163600,163700,1949
컴투스,A078340,20210113,1210,164000,164200,164000,164100,319
컴투스,A078340,20210113,1205,164000,164200,163900,164000,415
컴투스,A078340,20210113,1200,163900,164200,163800,164000,733
컴투스,A078340,20210113,1155,163900,163900,163700,163800,365
컴투스,A078340,20210113,1150,163900,164200,163800,163800,386
컴투스,A078340,20210113,1145,164000,164100,163900,163900,443
컴투스,A078340,20210113,1140,164100,164200,163700,163800,734
컴투스,A078340,20210113,1135,164200,164300,164100,164100,340
컴투스,A078340,20210113,1130,164300,164400,164100,164200,456
컴투스,A078340,20210113,1125,164100,164600,164100,164400,503
컴투스,A078340,20210113,1120,163400,164600,163400,164100,2740
컴투스,A078340,20210113,1115,163600,163900,163200,163400,1361
컴투스,A078340,20210113,1110,164000,164200,163600,163600,694
컴투스,A078340,20210113,1105,163900,164200,163600,164000,822
컴투스,A078340,20210113,1100,164000,164100,163600,163900,874
컴투스,A078340,20210113,1055,163100,164100,163100,164000,1598
컴투스,A078340,20210113,1050,163100,163700,163000,163200,1491
컴투스,A078340,20210113,1045,163500,163700,163000,163100,2193
컴투스,A078340,20210113,1040,164200,164300,163500,163500,991
컴투스,A078340,20210113,1035,164700,164700,163600,164100,634
컴투스,A078340,20210113,1030,164300,165000,163600,164900,2345
컴투스,A078340,20210113,1025,164200,164600,164200,164300,1851
컴투스,A078340,20210113,1020,164500,164700,164200,164300,1770
컴투스,A078340,20210113,1015,164100,164700,164000,164500,922
컴투스,A078340,20210113,1010,164400,164500,164200,164200,1397
컴투스,A078340,20210113,1005,163800,164500,163700,164400,1062
컴투스,A078340,20210113,1000,164300,164300,163700,163700,1591
컴투스,A078340,20210113,955,164700,165100,164300,164300,1806
컴투스,A078340,20210113,950,165100,165700,164600,164800,3281
컴투스,A078340,20210113,945,164800,165200,164500,165000,986
컴투스,A078340,20210113,940,163900,164900,163900,164900,2248
컴투스,A078340,20210113,935,164900,166500,163400,163900,7046
컴투스,A078340,20210113,930,165300,165400,164700,164800,4063
컴투스,A078340,20210113,925,166100,166400,165100,165400,4367
컴투스,A078340,20210113,920,166900,166900,165500,166000,5007
컴투스,A078340,20210113,915,168800,168900,166700,166800,9489
컴투스,A078340,20210113,910,165600,169000,165600,168800,20263
컴투스,A078340,20210113,905,167100,167100,165400,165600,13140
컴투스,A078340,20210112,1530,162600,162600,162600,162600,3561
컴투스,A078340,20210112,1520,162300,162500,161400,162100,3058
컴투스,A078340,20210112,1515,162600,162600,161800,162000,2759
컴투스,A078340,20210112,1510,162500,162600,162200,162600,1542
컴투스,A078340,20210112,1505,162300,162600,162200,162400,1604
컴투스,A078340,20210112,1500,161700,162300,161700,162200,2533
컴투스,A078340,20210112,1455,162300,162300,161600,161800,1620
컴투스,A078340,20210112,1450,162300,162600,161600,162300,2025
컴투스,A078340,20210112,1445,162000,162400,162000,162400,1338
컴투스,A078340,20210112,1440,161700,162100,161600,162000,1514
컴투스,A078340,20210112,1435,161800,162000,161600,161800,1489
컴투스,A078340,20210112,1430,161500,162000,161200,161800,1855
컴투스,A078340,20210112,1425,161700,162000,161300,161500,1909
컴투스,A078340,20210112,1420,161200,162400,161100,161700,3774
컴투스,A078340,20210112,1415,160800,161300,160300,161200,2992
컴투스,A078340,20210112,1410,160000,160800,159800,160800,1793
컴투스,A078340,20210112,1405,160300,160500,159900,160000,1424
컴투스,A078340,20210112,1400,160000,160400,159900,160400,2013
컴투스,A078340,20210112,1355,160400,160500,159800,159900,1646
컴투스,A078340,20210112,1350,159800,160500,159300,160300,2170
컴투스,A078340,20210112,1345,159000,160000,158900,159700,2231
컴투스,A078340,20210112,1340,159300,160200,159000,159000,7315
컴투스,A078340,20210112,1335,160300,160300,159300,159300,4739
컴투스,A078340,20210112,1330,160300,160500,160000,160200,4646
컴투스,A078340,20210112,1325,160700,160700,160300,160300,2528
컴투스,A078340,20210112,1320,160400,160800,160400,160700,530
컴투스,A078340,20210112,1315,160400,160900,160400,160400,837
컴투스,A078340,20210112,1310,160500,160600,160400,160400,1073
컴투스,A078340,20210112,1305,160400,161400,160400,160400,1521
컴투스,A078340,20210112,1300,160500,160500,160300,160400,2391
컴투스,A078340,20210112,1255,160800,161000,160600,160600,1201
컴투스,A078340,20210112,1250,161500,161500,160800,160800,723
컴투스,A078340,20210112,1245,161100,161600,160800,161500,2556
컴투스,A078340,20210112,1240,161400,161900,161100,161100,1703
컴투스,A078340,20210112,1235,162100,162200,161300,161300,1574
컴투스,A078340,20210112,1230,162800,162900,161500,162100,3658
컴투스,A078340,20210112,1225,163000,163100,162800,162900,317
컴투스,A078340,20210112,1220,162900,163300,162900,163000,556
컴투스,A078340,20210112,1215,163500,163600,162900,163000,1366
컴투스,A078340,20210112,1210,162800,163600,162800,163600,855
컴투스,A078340,20210112,1205,163000,163100,162800,162800,421
컴투스,A078340,20210112,1200,162800,163100,162800,162900,585
컴투스,A078340,20210112,1155,162900,163000,162800,162800,486
컴투스,A078340,20210112,1150,163100,163400,162800,162900,1066
컴투스,A078340,20210112,1145,162300,163500,162300,163100,1787
컴투스,A078340,20210112,1140,162300,163100,162300,162300,2483
컴투스,A078340,20210112,1135,161800,162400,161600,162300,915
컴투스,A078340,20210112,1130,161900,162100,161700,161800,704
컴투스,A078340,20210112,1125,161800,161900,161800,161900,371
컴투스,A078340,20210112,1120,162000,162000,161500,161800,666
컴투스,A078340,20210112,1115,162500,162800,161900,161900,2666
컴투스,A078340,20210112,1110,162400,162500,162300,162500,922
컴투스,A078340,20210112,1105,161500,162400,161200,162400,1986
컴투스,A078340,20210112,1100,161300,162100,161200,161500,730
컴투스,A078340,20210112,1055,161500,162300,161000,161300,2462
컴투스,A078340,20210112,1050,160800,161400,160800,161400,799
컴투스,A078340,20210112,1045,160700,161000,160700,160800,879
컴투스,A078340,20210112,1040,160900,161100,160700,160700,845
컴투스,A078340,20210112,1035,160700,161100,160100,161000,5094
컴투스,A078340,20210112,1030,160800,160900,160700,160800,951
컴투스,A078340,20210112,1025,161400,161500,160800,160900,3794
컴투스,A078340,20210112,1020,161800,161800,161400,161400,764
컴투스,A078340,20210112,1015,161700,161900,161600,161700,485
컴투스,A078340,20210112,1010,161400,161900,161200,161900,699
컴투스,A078340,20210112,1005,161300,161600,161200,161300,929
컴투스,A078340,20210112,1000,162300,162500,161300,161300,2635
컴투스,A078340,20210112,955,162400,162500,162000,162300,1929
컴투스,A078340,20210112,950,161400,162300,161400,162300,3790
컴투스,A078340,20210112,945,160800,161500,160600,161400,2000
컴투스,A078340,20210112,940,160600,161300,160500,160800,1462
컴투스,A078340,20210112,935,160100,160800,159800,160600,1814
컴투스,A078340,20210112,930,159200,160100,159200,160100,3048
컴투스,A078340,20210112,925,159800,160000,158900,159300,10404
컴투스,A078340,20210112,920,159900,160200,159700,159800,4751
컴투스,A078340,20210112,915,160700,160900,159400,160000,11826
컴투스,A078340,20210112,910,160900,161600,160500,160800,6420
컴투스,A078340,20210112,905,164000,164000,160400,160900,6405
컴투스,A078340,20210111,1530,164000,164000,164000,164000,6445
컴투스,A078340,20210111,1520,163000,164000,162800,163600,3871
컴투스,A078340,20210111,1515,163900,164000,163000,163000,2304
컴투스,A078340,20210111,1510,163500,164500,163500,164000,3904
컴투스,A078340,20210111,1505,162700,163600,162600,163500,3051
컴투스,A078340,20210111,1500,162900,163000,162700,162700,1560
컴투스,A078340,20210111,1455,162600,163000,162600,162900,1165
컴투스,A078340,20210111,1450,162400,162600,162300,162600,1660
컴투스,A078340,20210111,1445,163100,163500,162400,162500,2266
컴투스,A078340,20210111,1440,163100,163600,163000,163000,2259
컴투스,A078340,20210111,1435,163100,163200,162800,163200,1923
컴투스,A078340,20210111,1430,162500,163100,162500,163100,1012
컴투스,A078340,20210111,1425,163100,163300,162300,162600,1507
컴투스,A078340,20210111,1420,163500,163600,162500,163200,2376
컴투스,A078340,20210111,1415,163200,164000,163100,163500,3263
컴투스,A078340,20210111,1410,162400,163200,162400,163100,3419
컴투스,A078340,20210111,1405,162100,162600,161500,162400,1413
컴투스,A078340,20210111,1400,161600,162200,161600,162100,971
컴투스,A078340,20210111,1355,162100,162200,161500,161700,1406
컴투스,A078340,20210111,1350,162200,162700,161600,162200,1996
컴투스,A078340,20210111,1345,161800,162300,161200,162100,1609
컴투스,A078340,20210111,1340,161600,162100,161100,161800,2035
컴투스,A078340,20210111,1335,160300,161700,160000,161500,4553
컴투스,A078340,20210111,1330,160800,161500,160200,160400,3278
컴투스,A078340,20210111,1325,160100,161200,160000,160900,3947
컴투스,A078340,20210111,1320,161000,162000,159900,160300,8739
컴투스,A078340,20210111,1315,162200,162300,160800,160900,6624
컴투스,A078340,20210111,1310,162800,163000,162200,162500,2311
컴투스,A078340,20210111,1305,162500,163100,162400,162800,1339
컴투스,A078340,20210111,1300,162700,162800,162500,162500,940
컴투스,A078340,20210111,1255,162700,163000,162400,162700,1851
컴투스,A078340,20210111,1250,163200,163300,162700,162700,1997
컴투스,A078340,20210111,1245,163500,163700,163200,163200,1101
컴투스,A078340,20210111,1240,163200,163700,163100,163600,1038
컴투스,A078340,20210111,1235,163300,163800,162900,163400,2505
컴투스,A078340,20210111,1230,163700,163700,163300,163400,1472
컴투스,A078340,20210111,1225,163700,164100,163600,163700,443
컴투스,A078340,20210111,1220,163600,164300,163600,163700,1093
컴투스,A078340,20210111,1215,164400,164400,163400,163600,2109
컴투스,A078340,20210111,1210,165100,165100,164200,164200,1538
컴투스,A078340,20210111,1205,165200,165200,164500,165000,744
컴투스,A078340,20210111,1200,165200,165400,164900,165100,936
컴투스,A078340,20210111,1155,165200,165800,165200,165200,2522
컴투스,A078340,20210111,1150,164700,165400,164200,165200,1321
컴투스,A078340,20210111,1145,163800,164800,163800,164600,1278
컴투스,A078340,20210111,1140,164300,164900,163900,163900,4302
컴투스,A078340,20210111,1135,164300,165000,164100,164300,2531
컴투스,A078340,20210111,1130,163300,164600,162600,164200,3164
컴투스,A078340,20210111,1125,163700,164700,162500,163300,3620
컴투스,A078340,20210111,1120,164500,165000,162200,163700,6206
컴투스,A078340,20210111,1115,162900,165800,162800,164300,5591
컴투스,A078340,20210111,1110,164600,164600,162000,162800,10446
컴투스,A078340,20210111,1105,166000,166300,164500,164600,3864
컴투스,A078340,20210111,1100,166200,166800,165600,165900,3193
컴투스,A078340,20210111,1055,167100,167200,165900,166300,4723
컴투스,A078340,20210111,1050,167900,168000,167000,167200,3048
컴투스,A078340,20210111,1045,168200,168200,167600,167900,2744
컴투스,A078340,20210111,1040,169000,169200,168100,168100,3801
컴투스,A078340,20210111,1035,168900,169000,168100,169000,4650
컴투스,A078340,20210111,1030,169000,169300,168700,168900,3016
컴투스,A078340,20210111,1025,169100,169700,169000,169000,3916
컴투스,A078340,20210111,1020,169900,170000,168500,169200,10047
컴투스,A078340,20210111,1015,170500,171600,169200,170000,13402
컴투스,A078340,20210111,1010,169000,170600,169000,170500,16521
컴투스,A078340,20210111,1005,168400,169700,168000,169000,8470
컴투스,A078340,20210111,1000,166700,168900,166700,168500,11418
컴투스,A078340,20210111,955,166900,167300,166100,166600,7414
컴투스,A078340,20210111,950,164500,167000,164400,166900,11512
컴투스,A078340,20210111,945,165800,165800,164400,164500,3337
컴투스,A078340,20210111,940,165900,166900,165500,165700,12528
컴투스,A078340,20210111,935,164300,166400,164200,166200,17510
컴투스,A078340,20210111,930,163500,164300,163200,164300,4580
컴투스,A078340,20210111,925,163500,164000,162400,163600,6922
컴투스,A078340,20210111,920,163700,164700,163000,163600,10091
컴투스,A078340,20210111,915,161100,165000,160600,164000,15143
컴투스,A078340,20210111,910,160300,161200,160200,161000,5607
컴투스,A078340,20210111,905,161000,161300,160300,160300,9192
컴투스,A078340,20210108,1530,160000,160000,160000,160000,3091
컴투스,A078340,20210108,1520,159500,160100,159200,160000,5274
컴투스,A078340,20210108,1515,159500,159600,159300,159400,1986
컴투스,A078340,20210108,1510,159000,159500,158700,159400,3364
컴투스,A078340,20210108,1505,159600,159700,159000,159000,3317
컴투스,A078340,20210108,1500,159200,159900,159100,159600,2016
컴투스,A078340,20210108,1455,159400,159400,159000,159100,849
컴투스,A078340,20210108,1450,159600,159600,159000,159200,957
컴투스,A078340,20210108,1445,159200,159600,159000,159500,2078
컴투스,A078340,20210108,1440,159100,159400,158900,159200,883
컴투스,A078340,20210108,1435,159300,159300,159100,159100,1193
컴투스,A078340,20210108,1430,158900,159300,158800,159300,1243
컴투스,A078340,20210108,1425,159100,159100,158800,158900,1588
컴투스,A078340,20210108,1420,158800,159100,158600,159000,1116
컴투스,A078340,20210108,1415,158400,158800,158200,158700,1749
컴투스,A078340,20210108,1410,159100,159200,158300,158400,4723
컴투스,A078340,20210108,1405,159200,159300,159000,159100,1241
컴투스,A078340,20210108,1400,159100,159200,159000,159200,948
컴투스,A078340,20210108,1355,158900,159300,158800,159100,1018
컴투스,A078340,20210108,1350,158900,159000,158700,158900,881
컴투스,A078340,20210108,1345,159100,159300,158900,158900,1483
컴투스,A078340,20210108,1340,159200,159300,159100,159100,1724
컴투스,A078340,20210108,1335,159400,159500,159200,159200,860
컴투스,A078340,20210108,1330,159300,159500,159200,159400,1083
컴투스,A078340,20210108,1325,159500,159500,159200,159300,2309
컴투스,A078340,20210108,1320,159600,159800,159500,159500,935
컴투스,A078340,20210108,1315,159800,159900,159500,159600,1021
컴투스,A078340,20210108,1310,159600,160000,159500,159900,1301
컴투스,A078340,20210108,1305,159100,159600,159100,159500,1349
컴투스,A078340,20210108,1300,158800,159300,158800,159100,792
컴투스,A078340,20210108,1255,158900,159100,158800,158800,508
컴투스,A078340,20210108,1250,158800,159100,158700,158800,2070
컴투스,A078340,20210108,1245,159000,159000,158700,158900,1105
컴투스,A078340,20210108,1240,159200,159200,158900,159000,904
컴투스,A078340,20210108,1235,159100,159300,158900,159100,644
컴투스,A078340,20210108,1230,158700,159200,158500,159200,2323
컴투스,A078340,20210108,1225,159300,159300,158600,158700,937
컴투스,A078340,20210108,1220,158700,159300,158600,159300,843
컴투스,A078340,20210108,1215,159000,159000,158500,158700,1709
컴투스,A078340,20210108,1210,159000,159200,158800,158900,1367
컴투스,A078340,20210108,1205,159000,159100,158700,159000,1000
컴투스,A078340,20210108,1200,159400,159600,159000,159100,1060
컴투스,A078340,20210108,1155,159400,159400,159000,159300,669
컴투스,A078340,20210108,1150,158700,159600,158700,159400,4177
컴투스,A078340,20210108,1145,159300,159300,158500,158800,6002
컴투스,A078340,20210108,1140,159100,159400,159100,159300,1216
컴투스,A078340,20210108,1135,159700,159700,159000,159200,1526
컴투스,A078340,20210108,1130,159700,160000,159300,159600,893
컴투스,A078340,20210108,1125,160100,160100,159700,159800,1188
컴투스,A078340,20210108,1120,160100,160200,160000,160100,855
컴투스,A078340,20210108,1115,159300,160100,159300,160100,1854
컴투스,A078340,20210108,1110,159600,159600,159100,159100,1258
컴투스,A078340,20210108,1105,159100,159700,158900,159700,1652
컴투스,A078340,20210108,1100,159600,159700,158800,159200,4177
컴투스,A078340,20210108,1055,160000,160000,159400,159700,2055
컴투스,A078340,20210108,1050,160100,160200,159900,160000,1310
컴투스,A078340,20210108,1045,159900,160200,159900,160100,921
컴투스,A078340,20210108,1040,160200,160200,159900,159900,890
컴투스,A078340,20210108,1035,160000,160400,160000,160300,590
컴투스,A078340,20210108,1030,160000,160200,159800,160000,870
컴투스,A078340,20210108,1025,160000,160200,160000,160000,972
컴투스,A078340,20210108,1020,160700,160800,160000,160000,2965
컴투스,A078340,20210108,1015,160200,160800,160100,160800,1911
컴투스,A078340,20210108,1010,160400,160500,160100,160200,2343
컴투스,A078340,20210108,1005,160200,160500,160000,160400,1739
컴투스,A078340,20210108,1000,159700,161000,159700,160300,7821
컴투스,A078340,20210108,955,159900,160000,159400,159600,1668
컴투스,A078340,20210108,950,157600,160000,157500,159900,5422
컴투스,A078340,20210108,945,157500,157800,156800,157500,4060
컴투스,A078340,20210108,940,157600,158300,157400,157600,2369
컴투스,A078340,20210108,935,158700,158800,157600,157600,5021
컴투스,A078340,20210108,930,159400,159400,158800,158900,1510
컴투스,A078340,20210108,925,159400,159800,159100,159300,2144
컴투스,A078340,20210108,920,159700,160100,159200,159300,1989
컴투스,A078340,20210108,915,159600,159900,159000,159700,2997
컴투스,A078340,20210108,910,159700,160800,159500,159700,5029
컴투스,A078340,20210108,905,158700,159700,158700,159500,3866
컴투스,A078340,20210107,1530,158500,158500,158500,158500,3679
컴투스,A078340,20210107,1520,159000,159100,158700,159000,4264
컴투스,A078340,20210107,1515,159100,159200,159000,159000,2781
컴투스,A078340,20210107,1510,159100,159200,159100,159100,1689
컴투스,A078340,20210107,1505,159000,159300,159000,159100,1205
컴투스,A078340,20210107,1500,159100,159300,159000,159000,3408
컴투스,A078340,20210107,1455,159100,159300,159000,159100,1510
컴투스,A078340,20210107,1450,159200,159400,159100,159100,883
컴투스,A078340,20210107,1445,159100,159400,159100,159100,868
컴투스,A078340,20210107,1440,159100,159400,159100,159100,995
컴투스,A078340,20210107,1435,159100,159600,159000,159000,1280
컴투스,A078340,20210107,1430,159000,159300,159000,159100,1093
컴투스,A078340,20210107,1425,159300,159300,159000,159000,1218
컴투스,A078340,20210107,1420,159400,159700,159200,159400,943
컴투스,A078340,20210107,1415,159400,159500,159400,159500,1748
컴투스,A078340,20210107,1410,159100,159800,159100,159500,1648
컴투스,A078340,20210107,1405,159300,159400,159000,159100,4598
컴투스,A078340,20210107,1400,159400,159700,159300,159300,1972
컴투스,A078340,20210107,1355,159900,159900,159400,159400,5349
컴투스,A078340,20210107,1350,159800,160000,159800,159900,1505
컴투스,A078340,20210107,1345,159800,159900,159800,159800,859
컴투스,A078340,20210107,1340,159700,159900,159600,159900,1325
컴투스,A078340,20210107,1335,159600,159900,159500,159600,326
컴투스,A078340,20210107,1330,159500,159900,159500,159600,743
컴투스,A078340,20210107,1325,159500,159900,159400,159500,590
컴투스,A078340,20210107,1320,159400,159500,159300,159500,836
컴투스,A078340,20210107,1315,159400,159500,159300,159400,1223
컴투스,A078340,20210107,1310,159600,159700,159400,159400,2928
컴투스,A078340,20210107,1305,159800,159900,159600,159700,2165
컴투스,A078340,20210107,1300,159800,159900,159700,159800,724
컴투스,A078340,20210107,1255,159800,159900,159700,159800,1712
컴투스,A078340,20210107,1250,159900,159900,159800,159800,327
컴투스,A078340,20210107,1245,159900,159900,159800,159900,390
컴투스,A078340,20210107,1240,160000,160200,159900,159900,473
컴투스,A078340,20210107,1235,159800,160100,159800,159900,1048
컴투스,A078340,20210107,1230,159800,160000,159800,159800,621
컴투스,A078340,20210107,1225,159800,160000,159800,159800,407
컴투스,A078340,20210107,1220,160000,160000,159800,159800,329
컴투스,A078340,20210107,1215,160200,160300,159900,159900,583
컴투스,A078340,20210107,1210,160700,160700,160200,160200,590
컴투스,A078340,20210107,1205,160000,160700,160000,160600,1388
컴투스,A078340,20210107,1200,160000,160000,159900,160000,296
컴투스,A078340,20210107,1155,159800,160000,159800,160000,373
컴투스,A078340,20210107,1150,160000,160100,159700,159700,1118
컴투스,A078340,20210107,1145,159900,160000,159900,160000,678
컴투스,A078340,20210107,1140,159800,160000,159700,159900,670
컴투스,A078340,20210107,1135,159900,160000,159700,159800,1249
컴투스,A078340,20210107,1130,159800,160000,159800,159900,699
컴투스,A078340,20210107,1125,159800,160000,159800,159800,424
컴투스,A078340,20210107,1120,159800,159900,159700,159700,1351
컴투스,A078340,20210107,1115,159900,160000,159700,159800,586
컴투스,A078340,20210107,1110,160300,160700,159900,159900,1160
컴투스,A078340,20210107,1105,160800,161000,160400,160400,1294
컴투스,A078340,20210107,1100,160200,161100,160000,161000,2040
컴투스,A078340,20210107,1055,160000,160100,159800,160100,922
컴투스,A078340,20210107,1050,160000,160400,160000,160000,1653
컴투스,A078340,20210107,1045,159900,160200,159900,160000,383
컴투스,A078340,20210107,1040,159700,160100,159500,159900,1121
컴투스,A078340,20210107,1035,159300,159800,159200,159700,1487
컴투스,A078340,20210107,1030,159600,159800,159200,159300,2605
컴투스,A078340,20210107,1025,159800,159900,159500,159600,1554
컴투스,A078340,20210107,1020,159900,160100,159700,159800,1669
컴투스,A078340,20210107,1015,160000,160000,159700,159900,1111
컴투스,A078340,20210107,1010,160200,160400,159600,160000,2563
컴투스,A078340,20210107,1005,160300,160400,160100,160200,570
컴투스,A078340,20210107,1000,160300,160400,160200,160300,496
컴투스,A078340,20210107,955,160200,160400,160200,160300,1479
컴투스,A078340,20210107,950,160100,160300,160100,160300,618
컴투스,A078340,20210107,945,160000,160300,160000,160100,419
컴투스,A078340,20210107,940,159900,160300,159700,159800,1590
컴투스,A078340,20210107,935,159700,160900,159700,159900,1475
컴투스,A078340,20210107,930,159700,159900,159400,159700,3181
컴투스,A078340,20210107,925,160600,160900,159600,159700,2701
컴투스,A078340,20210107,920,160000,161000,159600,160900,4654
컴투스,A078340,20210107,915,160300,161000,159600,160000,3828
컴투스,A078340,20210107,910,161300,161500,160100,160100,2901
컴투스,A078340,20210107,905,161500,162600,161100,161500,4549
컴투스,A078340,20210106,1530,159800,159800,159800,159800,4244
컴투스,A078340,20210106,1520,160000,160400,159700,159700,6527
컴투스,A078340,20210106,1515,160800,160800,159800,160000,5430
컴투스,A078340,20210106,1510,161100,161200,160700,160700,3096
컴투스,A078340,20210106,1505,161200,161600,161100,161100,1603
컴투스,A078340,20210106,1500,161600,161700,161100,161300,2909
컴투스,A078340,20210106,1455,161500,161700,161300,161500,1910
컴투스,A078340,20210106,1450,162100,162400,161400,161500,1474
컴투스,A078340,20210106,1445,162400,162500,162100,162100,1001
컴투스,A078340,20210106,1440,162800,162800,162300,162400,1258
컴투스,A078340,20210106,1435,163000,163500,162400,162800,3132
컴투스,A078340,20210106,1430,163400,163400,162900,162900,2269
컴투스,A078340,20210106,1425,163000,163400,162500,163400,3119
컴투스,A078340,20210106,1420,162200,163000,161900,163000,4765
컴투스,A078340,20210106,1415,162000,162300,161900,162300,1610
컴투스,A078340,20210106,1410,161800,162000,161700,162000,931
컴투스,A078340,20210106,1405,161800,162000,161800,161800,1342
컴투스,A078340,20210106,1400,161900,161900,161700,161800,921
컴투스,A078340,20210106,1355,161700,161900,161600,161800,1398
컴투스,A078340,20210106,1350,161500,161700,161500,161700,1003
컴투스,A078340,20210106,1345,161900,162100,161500,161500,1945
컴투스,A078340,20210106,1340,161500,162000,161500,161800,1523
컴투스,A078340,20210106,1335,161300,161600,161300,161500,1100
컴투스,A078340,20210106,1330,161100,161400,161000,161300,1048
컴투스,A078340,20210106,1325,160900,161100,160800,161000,1040
컴투스,A078340,20210106,1320,160700,161100,160300,161000,1121
컴투스,A078340,20210106,1315,160100,160700,159700,160700,2943
컴투스,A078340,20210106,1310,160400,160500,160000,160100,4059
컴투스,A078340,20210106,1305,161200,161300,160400,160400,5080
컴투스,A078340,20210106,1300,161200,161400,161200,161200,664
컴투스,A078340,20210106,1255,161100,161400,161100,161200,866
컴투스,A078340,20210106,1250,161300,161500,161200,161200,2484
컴투스,A078340,20210106,1245,161500,161600,161300,161400,1416
컴투스,A078340,20210106,1240,161500,161700,161400,161500,1026
컴투스,A078340,20210106,1235,161800,161900,161400,161500,1937
컴투스,A078340,20210106,1230,161500,161900,161400,161900,1245
컴투스,A078340,20210106,1225,161800,161800,161500,161600,1402
컴투스,A078340,20210106,1220,161700,162000,161600,161800,773
컴투스,A078340,20210106,1215,162000,162000,161600,161700,1099
컴투스,A078340,20210106,1210,161400,162000,161300,162000,1293
컴투스,A078340,20210106,1205,161700,161900,161400,161500,1614
컴투스,A078340,20210106,1200,162000,162100,161600,161600,3740
컴투스,A078340,20210106,1155,161900,162400,161900,162100,615
컴투스,A078340,20210106,1150,162700,162700,161800,161900,3297
컴투스,A078340,20210106,1145,162500,162700,162400,162700,1232
컴투스,A078340,20210106,1140,162400,162600,162300,162400,1061
컴투스,A078340,20210106,1135,162800,162800,162300,162500,1694
컴투스,A078340,20210106,1130,162500,162800,162400,162800,747
컴투스,A078340,20210106,1125,162900,162900,162300,162500,1629
컴투스,A078340,20210106,1120,162400,163300,162400,162900,748
컴투스,A078340,20210106,1115,162600,162700,162400,162400,1184
컴투스,A078340,20210106,1110,162200,163200,162100,162600,944
컴투스,A078340,20210106,1105,162200,162800,162200,162300,1733
컴투스,A078340,20210106,1100,162500,162800,162200,162200,1671
컴투스,A078340,20210106,1055,162900,163000,162300,162500,2154
컴투스,A078340,20210106,1050,163400,163600,162900,162900,2983
컴투스,A078340,20210106,1045,163200,163700,163100,163400,1186
컴투스,A078340,20210106,1040,164100,164100,163200,163200,1360
컴투스,A078340,20210106,1035,163500,164100,163200,164100,1466
컴투스,A078340,20210106,1030,163300,163900,163200,163500,1589
컴투스,A078340,20210106,1025,163100,163400,163100,163300,712
컴투스,A078340,20210106,1020,163700,163900,163000,163100,2387
컴투스,A078340,20210106,1015,163400,164100,163300,163700,1292
컴투스,A078340,20210106,1010,163200,163400,162400,163400,3310
컴투스,A078340,20210106,1005,163700,164200,163000,163200,2782
컴투스,A078340,20210106,1000,164100,164200,163200,163600,4417
컴투스,A078340,20210106,955,164800,164800,164100,164100,5117
컴투스,A078340,20210106,950,164900,165000,164700,164900,942
컴투스,A078340,20210106,945,165400,165400,164800,165000,1982
컴투스,A078340,20210106,940,165200,165500,165200,165400,1134
컴투스,A078340,20210106,935,165100,165300,164500,165100,5282
컴투스,A078340,20210106,930,166100,166100,165000,165100,7472
컴투스,A078340,20210106,925,166400,166500,165600,166100,5189
컴투스,A078340,20210106,920,165300,167000,165100,166500,13386
컴투스,A078340,20210106,915,164100,166000,163200,165200,12965
컴투스,A078340,20210106,910,163800,164300,163100,164100,7095
컴투스,A078340,20210106,905,163500,163800,162200,163800,6163
컴투스,A078340,20210105,1530,161600,161600,161600,161600,3226
컴투스,A078340,20210105,1520,162000,162100,161500,161600,2372
컴투스,A078340,20210105,1515,162100,162300,162000,162100,1721
컴투스,A078340,20210105,1510,161800,162200,161800,162100,610
컴투스,A078340,20210105,1505,161900,162200,161700,161800,1053
컴투스,A078340,20210105,1500,162300,162400,161700,161900,1986
컴투스,A078340,20210105,1455,161800,162500,161800,162400,1599
컴투스,A078340,20210105,1450,162200,162400,161800,161800,939
컴투스,A078340,20210105,1445,162300,162400,161900,162200,1206
컴투스,A078340,20210105,1440,161500,162400,161400,162400,1424
컴투스,A078340,20210105,1435,162000,162100,161300,161500,1461
컴투스,A078340,20210105,1430,161700,162600,161600,162000,3212
컴투스,A078340,20210105,1425,161500,161700,161400,161600,895
컴투스,A078340,20210105,1420,161400,161500,161300,161400,1015
컴투스,A078340,20210105,1415,161100,161400,160900,161300,1313
컴투스,A078340,20210105,1410,160900,161300,160900,161100,760
컴투스,A078340,20210105,1405,160800,161000,160600,160900,1411
컴투스,A078340,20210105,1400,160700,160900,160600,160800,1963
컴투스,A078340,20210105,1355,160800,161100,160700,160800,1400
컴투스,A078340,20210105,1350,160900,160900,160800,160800,968
컴투스,A078340,20210105,1345,161100,161200,160800,160900,1214
컴투스,A078340,20210105,1340,161500,161500,161000,161200,1036
컴투스,A078340,20210105,1335,161200,161500,161100,161500,419
컴투스,A078340,20210105,1330,160800,161400,160700,161200,1158
컴투스,A078340,20210105,1325,161000,161100,160700,160800,1250
컴투스,A078340,20210105,1320,160900,161100,160600,161000,1930
컴투스,A078340,20210105,1315,160800,161000,160700,160900,2722
컴투스,A078340,20210105,1310,161500,161500,160900,160900,2150
컴투스,A078340,20210105,1305,161700,161800,161400,161600,1064
컴투스,A078340,20210105,1300,161900,162200,161400,161800,2079
컴투스,A078340,20210105,1255,162000,162100,161800,161900,1126
컴투스,A078340,20210105,1250,162200,162400,161800,162300,2432
컴투스,A078340,20210105,1245,162600,162700,161900,162200,1558
컴투스,A078340,20210105,1240,163200,163300,162500,162600,969
컴투스,A078340,20210105,1235,163200,163300,163100,163200,640
컴투스,A078340,20210105,1230,163000,163200,162900,163100,1415
컴투스,A078340,20210105,1225,162300,163000,162200,163000,2413
컴투스,A078340,20210105,1220,162300,162500,162300,162300,833
컴투스,A078340,20210105,1215,162800,162900,162200,162300,2448
컴투스,A078340,20210105,1210,162800,163000,162800,162900,512
컴투스,A078340,20210105,1205,163100,163100,162700,162900,860
컴투스,A078340,20210105,1200,162700,163000,162600,163000,884
컴투스,A078340,20210105,1155,163400,163500,162600,162700,1891
컴투스,A078340,20210105,1150,161600,164000,161600,163500,8358
컴투스,A078340,20210105,1145,161600,161700,161300,161600,2204
컴투스,A078340,20210105,1140,161400,161500,161400,161500,1491
컴투스,A078340,20210105,1135,161100,161500,161100,161500,1702
컴투스,A078340,20210105,1130,160900,161200,160900,161200,726
컴투스,A078340,20210105,1125,161300,161400,160900,161000,1895
컴투스,A078340,20210105,1120,161500,161500,161300,161400,940
컴투스,A078340,20210105,1115,161200,161500,161100,161500,2216
컴투스,A078340,20210105,1110,161100,161200,160900,161100,1804
컴투스,A078340,20210105,1105,161000,161200,160900,161100,1908
컴투스,A078340,20210105,1100,160800,161100,160700,160900,1990
컴투스,A078340,20210105,1055,160800,160900,160700,160900,1880
컴투스,A078340,20210105,1050,160800,161000,160700,160800,2501
컴투스,A078340,20210105,1045,160700,161100,160400,160900,4239
컴투스,A078340,20210105,1040,159000,160800,158900,160700,5534
컴투스,A078340,20210105,1035,159500,159500,159000,159000,4621
컴투스,A078340,20210105,1030,159900,159900,159500,159500,3974
컴투스,A078340,20210105,1025,159900,160100,159900,159900,1347
컴투스,A078340,20210105,1020,160200,160200,159900,159900,3031
컴투스,A078340,20210105,1015,160000,160600,159900,160200,2196
컴투스,A078340,20210105,1010,159900,160000,159800,160000,867
컴투스,A078340,20210105,1005,159800,160000,159600,159800,1528
컴투스,A078340,20210105,1000,160600,160600,159800,159800,4516
컴투스,A078340,20210105,955,160500,160600,160400,160500,565
컴투스,A078340,20210105,950,160300,160500,160200,160400,952
컴투스,A078340,20210105,945,160900,160900,160200,160300,3443
컴투스,A078340,20210105,940,160700,161100,160700,160900,2423
컴투스,A078340,20210105,935,159300,161200,159300,160700,4043
컴투스,A078340,20210105,930,159100,159600,158900,159400,2168
컴투스,A078340,20210105,925,159500,159500,159000,159100,5638
컴투스,A078340,20210105,920,159700,159800,159300,159400,2971
컴투스,A078340,20210105,915,160400,160400,159600,159700,4469
컴투스,A078340,20210105,910,160700,161600,160200,160200,4152
컴투스,A078340,20210105,905,159600,161000,159000,160700,5212
컴투스,A078340,20210104,1530,160700,160700,160700,160700,3616
컴투스,A078340,20210104,1520,160100,160600,160000,160500,4457
컴투스,A078340,20210104,1515,160200,160300,160000,160000,2980
컴투스,A078340,20210104,1510,160200,160400,160100,160200,1728
컴투스,A078340,20210104,1505,160700,160800,160200,160300,1946
컴투스,A078340,20210104,1500,160500,160800,160400,160600,2393
컴투스,A078340,20210104,1455,160100,160400,160100,160400,2462
컴투스,A078340,20210104,1450,160400,160500,160100,160100,2919
컴투스,A078340,20210104,1445,160800,160800,160300,160400,1311
컴투스,A078340,20210104,1440,160300,160800,160100,160800,2799
컴투스,A078340,20210104,1435,160500,160500,160100,160300,3810
컴투스,A078340,20210104,1430,160200,161100,160100,160400,6723
컴투스,A078340,20210104,1425,157800,160900,157800,160100,6221
컴투스,A078340,20210104,1420,158100,158200,157700,157900,1202
컴투스,A078340,20210104,1415,158700,158700,158100,158100,1947
컴투스,A078340,20210104,1410,158000,159000,157800,158600,3813
컴투스,A078340,20210104,1405,157500,158000,157500,157900,2123
컴투스,A078340,20210104,1400,157600,157800,157500,157500,2742
컴투스,A078340,20210104,1355,157700,157800,157500,157600,2408
컴투스,A078340,20210104,1350,157600,157900,157600,157700,2228
컴투스,A078340,20210104,1345,158000,158000,157600,157700,3088
컴투스,A078340,20210104,1340,157800,158200,157700,158000,1726
컴투스,A078340,20210104,1335,157600,157900,157600,157800,2675
컴투스,A078340,20210104,1330,157600,157800,157500,157700,2607
컴투스,A078340,20210104,1325,158000,158100,157600,157700,3684
컴투스,A078340,20210104,1320,158000,158400,157900,158000,1118
컴투스,A078340,20210104,1315,157900,158200,157800,158100,1900
컴투스,A078340,20210104,1310,158000,158200,157900,157900,1899
컴투스,A078340,20210104,1305,157900,158100,157900,158000,1308
컴투스,A078340,20210104,1300,158100,158200,157900,158000,2259
컴투스,A078340,20210104,1255,158100,158200,158000,158000,1191
컴투스,A078340,20210104,1250,158500,158500,158100,158100,1196
컴투스,A078340,20210104,1245,158100,159200,158000,158600,1414
컴투스,A078340,20210104,1240,158100,158300,157900,158100,1182
컴투스,A078340,20210104,1235,158100,158500,158000,158100,1791
컴투스,A078340,20210104,1230,158200,158500,157900,158100,1814
컴투스,A078340,20210104,1225,157800,158200,157700,158200,2082
컴투스,A078340,20210104,1220,157900,158100,157800,157800,1411
컴투스,A078340,20210104,1215,158100,158200,157800,157900,3317
컴투스,A078340,20210104,1210,158200,158200,158100,158100,1446
컴투스,A078340,20210104,1205,158400,158700,158100,158200,4604
컴투스,A078340,20210104,1200,159200,159300,158300,158400,2255
컴투스,A078340,20210104,1155,159300,159500,159200,159200,2161
컴투스,A078340,20210104,1150,159400,159500,159300,159300,1421
컴투스,A078340,20210104,1145,159400,159600,159300,159300,1192
컴투스,A078340,20210104,1140,160100,160200,159300,159300,2106
컴투스,A078340,20210104,1135,161300,161400,159900,160100,4055
컴투스,A078340,20210104,1130,160000,161700,159900,161300,6317
컴투스,A078340,20210104,1125,159400,160100,159200,159900,4460
컴투스,A078340,20210104,1120,158200,159400,158200,159200,2263
컴투스,A078340,20210104,1115,157800,158400,157800,158200,1327
컴투스,A078340,20210104,1110,157700,158100,157700,157800,1683
컴투스,A078340,20210104,1105,157700,157900,157600,157800,1736
컴투스,A078340,20210104,1100,157500,157800,157400,157600,1525
컴투스,A078340,20210104,1055,157700,157900,157400,157400,2289
컴투스,A078340,20210104,1050,158100,158200,157700,157700,2501
컴투스,A078340,20210104,1045,158000,158300,157900,158100,1020
컴투스,A078340,20210104,1040,157600,158100,157600,158000,903
컴투스,A078340,20210104,1035,158400,158500,157500,157600,2381
컴투스,A078340,20210104,1030,157900,159000,157700,158400,3553
컴투스,A078340,20210104,1025,158000,158300,157200,158000,7897
컴투스,A078340,20210104,1020,159000,159200,157800,158000,2367
컴투스,A078340,20210104,1015,158000,159400,157800,159200,2678
컴투스,A078340,20210104,1010,158400,159200,157700,158000,4257
컴투스,A078340,20210104,1005,160000,160000,158000,158400,5514
