ÆÞ¾îºñ½º,A263750,20201230,53820,54300,51700,52060,352420
ÆÞ¾îºñ½º,A263750,20201229,55800,55900,53480,54320,308230
ÆÞ¾îºñ½º,A263750,20201228,53700,56000,52800,56000,280375
ÆÞ¾îºñ½º,A263750,20201224,53300,54220,52320,53700,195100
ÆÞ¾îºñ½º,A263750,20201223,52040,53400,51180,52960,190795
ÆÞ¾îºñ½º,A263750,20201222,52940,53560,51080,51120,215200
ÆÞ¾îºñ½º,A263750,20201221,53200,53820,52100,53540,144180
ÆÞ¾îºñ½º,A263750,20201218,53440,55000,53220,53740,182120
ÆÞ¾îºñ½º,A263750,20201217,53480,54700,52300,54280,270875
ÆÞ¾îºñ½º,A263750,20201216,50900,54380,50400,54000,429930
ÆÞ¾îºñ½º,A263750,20201215,52020,52900,49920,50480,405675
ÆÞ¾îºñ½º,A263750,20201214,49060,53560,48140,51780,582690
ÆÞ¾îºñ½º,A263750,20201211,48240,48900,47000,48680,446805
ÆÞ¾îºñ½º,A263750,20201210,47300,48600,46820,48240,360135
ÆÞ¾îºñ½º,A263750,20201209,47900,48000,46800,47300,321005
ÆÞ¾îºñ½º,A263750,20201208,47140,49200,46660,47860,491245
ÆÞ¾îºñ½º,A263750,20201207,44820,47360,44260,47300,404540
ÆÞ¾îºñ½º,A263750,20201204,47480,48880,44760,45160,537350
ÆÞ¾îºñ½º,A263750,20201203,46200,48580,43700,47700,1306340
ÆÞ¾îºñ½º,A263750,20201202,41620,42180,41500,41800,145625
ÆÞ¾îºñ½º,A263750,20201201,41500,42340,41500,41940,153025
ÆÞ¾îºñ½º,A263750,20201130,41600,42480,41340,41420,681870
ÆÞ¾îºñ½º,A263750,20201127,42580,42580,41660,41660,236445
ÆÞ¾îºñ½º,A263750,20201126,41720,43000,41500,43000,250095
ÆÞ¾îºñ½º,A263750,20201125,41480,42300,41420,41980,286740
ÆÞ¾îºñ½º,A263750,20201124,41720,41800,41300,41480,206820
ÆÞ¾îºñ½º,A263750,20201123,41800,43000,41500,42000,194370
ÆÞ¾îºñ½º,A263750,20201120,42100,42500,41640,42220,215030
ÆÞ¾îºñ½º,A263750,20201119,42420,42580,41040,42140,283620
ÆÞ¾îºñ½º,A263750,20201118,41100,42620,40920,42420,398900
ÆÞ¾îºñ½º,A263750,20201117,40340,41100,40040,41100,219990
ÆÞ¾îºñ½º,A263750,20201116,40100,40500,39820,40340,215005
ÆÞ¾îºñ½º,A263750,20201113,40020,40540,39380,40040,370875
ÆÞ¾îºñ½º,A263750,20201112,39100,39980,39020,39980,254325
ÆÞ¾îºñ½º,A263750,20201111,39800,39800,39080,39120,204865
ÆÞ¾îºñ½º,A263750,20201110,40200,40260,39500,39760,316145
ÆÞ¾îºñ½º,A263750,20201109,40680,40680,40040,40580,174770
ÆÞ¾îºñ½º,A263750,20201106,41360,41360,40020,40140,258030
ÆÞ¾îºñ½º,A263750,20201105,40800,41900,40800,41000,213440
ÆÞ¾îºñ½º,A263750,20201104,40320,41460,39660,40840,249985
ÆÞ¾îºñ½º,A263750,20201103,40120,40780,40040,40600,118645
ÆÞ¾îºñ½º,A263750,20201102,40500,40800,39620,40120,372370
ÆÞ¾îºñ½º,A263750,20201030,41780,41780,40100,40100,156600
ÆÞ¾îºñ½º,A263750,20201029,40600,41960,40300,41780,239725
ÆÞ¾îºñ½º,A263750,20201028,39620,41100,39620,41020,103890
ÆÞ¾îºñ½º,A263750,20201027,40280,40580,39340,40580,190965
ÆÞ¾îºñ½º,A263750,20201026,39760,40400,39660,40060,106060
ÆÞ¾îºñ½º,A263750,20201023,40260,40340,39640,40320,113770
ÆÞ¾îºñ½º,A263750,20201022,40220,40240,39260,40240,161020
ÆÞ¾îºñ½º,A263750,20201021,41220,41580,40180,40200,195155
ÆÞ¾îºñ½º,A263750,20201020,41300,41680,40180,41680,207660
ÆÞ¾îºñ½º,A263750,20201019,41320,41860,40880,41300,105355
ÆÞ¾îºñ½º,A263750,20201016,41760,41760,40560,41220,166015
ÆÞ¾îºñ½º,A263750,20201015,41520,42060,41420,41840,186390
ÆÞ¾îºñ½º,A263750,20201014,42700,42700,41260,41800,279240
ÆÞ¾îºñ½º,A263750,20201013,42720,42720,41840,42700,176165
ÆÞ¾îºñ½º,A263750,20201012,43340,43780,41400,42560,267510
ÆÞ¾îºñ½º,A263750,20201008,42360,43200,41700,43200,279915
ÆÞ¾îºñ½º,A263750,20201007,40980,42380,40620,42360,420040
ÆÞ¾îºñ½º,A263750,20201006,40060,41120,40040,41060,218030
ÆÞ¾îºñ½º,A263750,20201005,40220,40720,39840,40460,225255
ÆÞ¾îºñ½º,A263750,20200929,38800,40580,38780,40440,362095
ÆÞ¾îºñ½º,A263750,20200928,38720,39140,38060,39000,143415
ÆÞ¾îºñ½º,A263750,20200925,38100,38780,37440,38760,157740
ÆÞ¾îºñ½º,A263750,20200924,38300,38300,37200,38100,209155
ÆÞ¾îºñ½º,A263750,20200923,38000,38820,37100,38460,301905
ÆÞ¾îºñ½º,A263750,20200922,38460,38960,37760,38000,195470
ÆÞ¾îºñ½º,A263750,20200921,38860,39160,37680,38200,263685
ÆÞ¾îºñ½º,A263750,20200918,40200,40360,38620,38620,483140
ÆÞ¾îºñ½º,A263750,20200917,40200,40460,39940,40360,282495
ÆÞ¾îºñ½º,A263750,20200916,40760,41060,40280,40500,238075
ÆÞ¾îºñ½º,A263750,20200915,40080,41140,40080,40360,318320
ÆÞ¾îºñ½º,A263750,20200914,40000,40100,39300,39980,285140
ÆÞ¾îºñ½º,A263750,20200911,40680,41140,39960,40280,413065
ÆÞ¾îºñ½º,A263750,20200910,39980,41220,39620,41220,492610
ÆÞ¾îºñ½º,A263750,20200909,39860,40180,39020,39340,465350
ÆÞ¾îºñ½º,A263750,20200908,41620,42500,40140,40200,620235
ÆÞ¾îºñ½º,A263750,20200907,43040,45500,40680,40700,1421620
ÆÞ¾îºñ½º,A263750,20200904,38620,44180,38100,40860,3013065
ÆÞ¾îºñ½º,A263750,20200903,36340,37180,36340,36940,266300
ÆÞ¾îºñ½º,A263750,20200902,36320,36840,36260,36560,177075
ÆÞ¾îºñ½º,A263750,20200901,36260,36580,36060,36300,222705
ÆÞ¾îºñ½º,A263750,20200831,37380,38100,36240,36400,329255
ÆÞ¾îºñ½º,A263750,20200828,37220,37680,36800,36980,193070
ÆÞ¾îºñ½º,A263750,20200827,36500,37640,36400,37100,207080
ÆÞ¾îºñ½º,A263750,20200826,36800,37160,36380,37140,283205
ÆÞ¾îºñ½º,A263750,20200825,36120,37220,36120,36940,273060
ÆÞ¾îºñ½º,A263750,20200824,36100,36560,35960,36400,174700
ÆÞ¾îºñ½º,A263750,20200821,36580,36840,35920,36100,208485
ÆÞ¾îºñ½º,A263750,20200820,38020,38140,36000,36260,448720
ÆÞ¾îºñ½º,A263750,20200819,37740,38800,37680,38420,227865
ÆÞ¾îºñ½º,A263750,20200818,39200,39800,37200,37600,379955
ÆÞ¾îºñ½º,A263750,20200814,40040,40040,38600,39280,295990
ÆÞ¾îºñ½º,A263750,20200813,38520,40120,38400,39660,720480
ÆÞ¾îºñ½º,A263750,20200812,37160,37540,36940,37540,218470
ÆÞ¾îºñ½º,A263750,20200811,37320,37700,37080,37260,149525
ÆÞ¾îºñ½º,A263750,20200810,38040,38060,37120,37300,228870
ÆÞ¾îºñ½º,A263750,20200807,38260,38760,37660,38100,224775
ÆÞ¾îºñ½º,A263750,20200806,39300,39300,37920,38520,283805
ÆÞ¾îºñ½º,A263750,20200805,38140,39240,37800,39220,230385
ÆÞ¾îºñ½º,A263750,20200804,36940,38060,36720,38040,205935
ÆÞ¾îºñ½º,A263750,20200803,37700,37700,36680,36940,198420
ÆÞ¾îºñ½º,A263750,20200731,38340,38600,37160,37700,212245
ÆÞ¾îºñ½º,A263750,20200730,38600,39020,37780,38060,205375
ÆÞ¾îºñ½º,A263750,20200729,37960,39080,37940,38700,214660
ÆÞ¾îºñ½º,A263750,20200728,37820,38500,37720,38460,174040
ÆÞ¾îºñ½º,A263750,20200727,37640,38500,37640,37720,175470
ÆÞ¾îºñ½º,A263750,20200724,37540,38660,37540,37840,198845
ÆÞ¾îºñ½º,A263750,20200723,38380,38460,37760,37900,310730
ÆÞ¾îºñ½º,A263750,20200722,39500,39520,38300,38380,416265
ÆÞ¾îºñ½º,A263750,20200721,39920,40340,39200,39560,396235
ÆÞ¾îºñ½º,A263750,20200720,40720,40840,39840,40220,243245
ÆÞ¾îºñ½º,A263750,20200717,41000,41500,40400,40680,223345
ÆÞ¾îºñ½º,A263750,20200716,42740,42740,41100,41180,278820
ÆÞ¾îºñ½º,A263750,20200715,42880,43960,42600,42740,236910
ÆÞ¾îºñ½º,A263750,20200714,43380,43720,42760,43100,162525
ÆÞ¾îºñ½º,A263750,20200713,44400,44400,43120,43400,162655
ÆÞ¾îºñ½º,A263750,20200710,44400,45660,43480,44140,244805
ÆÞ¾îºñ½º,A263750,20200709,43500,44680,43480,44400,274535
ÆÞ¾îºñ½º,A263750,20200708,43680,44700,43320,43480,237835
ÆÞ¾îºñ½º,A263750,20200707,43400,44300,43100,43740,310870
ÆÞ¾îºñ½º,A263750,20200706,42560,43860,42220,43100,238855
ÆÞ¾îºñ½º,A263750,20200703,43200,43460,42120,42560,173585
ÆÞ¾îºñ½º,A263750,20200702,41920,43560,41660,43140,338580
ÆÞ¾îºñ½º,A263750,20200701,43600,44000,41620,41780,208610
ÆÞ¾îºñ½º,A263750,20200630,41180,44480,40200,43600,797570
ÆÞ¾îºñ½º,A263750,20200629,42160,42180,40720,40900,225545
ÆÞ¾îºñ½º,A263750,20200626,42320,43040,42000,42400,181500
ÆÞ¾îºñ½º,A263750,20200625,43000,43200,42200,42300,251985
ÆÞ¾îºñ½º,A263750,20200624,43980,44600,43300,43800,326030
ÆÞ¾îºñ½º,A263750,20200623,41440,44180,41420,43600,661190
ÆÞ¾îºñ½º,A263750,20200622,41020,41960,40800,41420,226735
ÆÞ¾îºñ½º,A263750,20200619,41520,41760,40500,41540,224915
ÆÞ¾îºñ½º,A263750,20200618,41180,42300,40800,41400,221455
ÆÞ¾îºñ½º,A263750,20200617,41820,42540,41120,41380,219780
ÆÞ¾îºñ½º,A263750,20200616,40020,41960,39940,41820,395845
ÆÞ¾îºñ½º,A263750,20200615,40600,41060,39100,39380,308155
ÆÞ¾îºñ½º,A263750,20200612,40240,41600,40120,41200,314200
ÆÞ¾îºñ½º,A263750,20200611,40000,41680,39840,41640,496870
ÆÞ¾îºñ½º,A263750,20200610,40100,40780,40100,40140,161550
ÆÞ¾îºñ½º,A263750,20200609,40380,40580,39980,40500,214690
ÆÞ¾îºñ½º,A263750,20200608,41140,41200,40180,40420,261745
ÆÞ¾îºñ½º,A263750,20200605,40520,41400,40040,41400,280995
ÆÞ¾îºñ½º,A263750,20200604,40540,40920,39860,40360,410855
ÆÞ¾îºñ½º,A263750,20200603,41100,41860,40480,40920,259265
ÆÞ¾îºñ½º,A263750,20200602,40720,41480,40700,40860,159300
ÆÞ¾îºñ½º,A263750,20200601,40820,41200,40460,41080,165290
ÆÞ¾îºñ½º,A263750,20200529,40200,41280,39800,40900,364685
ÆÞ¾îºñ½º,A263750,20200528,41300,41600,39800,40180,350815
ÆÞ¾îºñ½º,A263750,20200527,42160,42500,41100,41360,216360
ÆÞ¾îºñ½º,A263750,20200526,41900,43100,41300,42200,283935
ÆÞ¾îºñ½º,A263750,20200525,41800,42100,40880,41800,256350
ÆÞ¾îºñ½º,A263750,20200522,41320,41760,40800,41460,213550
ÆÞ¾îºñ½º,A263750,20200521,41960,42600,41280,41740,276680
ÆÞ¾îºñ½º,A263750,20200520,40800,42000,40600,41960,307280
ÆÞ¾îºñ½º,A263750,20200519,40700,41500,40200,40780,310910
ÆÞ¾îºñ½º,A263750,20200518,41260,41460,40700,40700,174285
ÆÞ¾îºñ½º,A263750,20200515,41420,41440,40720,41240,256425
ÆÞ¾îºñ½º,A263750,20200514,41280,41540,40040,41420,435650
ÆÞ¾îºñ½º,A263750,20200513,42800,43000,40500,41920,853420
ÆÞ¾îºñ½º,A263750,20200512,42340,43700,42260,43100,371155
ÆÞ¾îºñ½º,A263750,20200511,42000,42580,41400,42000,311025
ÆÞ¾îºñ½º,A263750,20200508,40100,42080,39920,42000,570310
ÆÞ¾îºñ½º,A263750,20200507,39700,39960,39140,39860,199460
ÆÞ¾îºñ½º,A263750,20200506,38700,39680,38520,39460,264850
ÆÞ¾îºñ½º,A263750,20200504,38120,38480,37440,38400,259300
ÆÞ¾îºñ½º,A263750,20200429,40000,40000,38160,38460,403050
ÆÞ¾îºñ½º,A263750,20200428,40140,40160,38920,39800,355015
ÆÞ¾îºñ½º,A263750,20200427,40320,40840,40000,40140,210280
ÆÞ¾îºñ½º,A263750,20200424,40780,41380,40220,40220,172190
ÆÞ¾îºñ½º,A263750,20200423,39620,41200,39320,41040,267720
ÆÞ¾îºñ½º,A263750,20200422,39060,40060,38700,40060,234525
ÆÞ¾îºñ½º,A263750,20200421,39560,40060,38500,39340,253560
ÆÞ¾îºñ½º,A263750,20200420,41360,41400,39520,39600,309930
ÆÞ¾îºñ½º,A263750,20200417,40080,41380,39980,41360,436790
ÆÞ¾îºñ½º,A263750,20200416,38260,40240,38220,39600,361585
ÆÞ¾îºñ½º,A263750,20200414,37480,38920,37480,38640,293490
ÆÞ¾îºñ½º,A263750,20200413,38540,38920,37140,37140,249775
ÆÞ¾îºñ½º,A263750,20200410,39580,39800,38660,39200,262735
ÆÞ¾îºñ½º,A263750,20200409,39780,40240,39220,39600,264780
ÆÞ¾îºñ½º,A263750,20200408,39580,40260,39040,39040,427290
ÆÞ¾îºñ½º,A263750,20200407,39920,40100,39300,39980,322160
ÆÞ¾îºñ½º,A263750,20200406,38400,39620,38400,39600,461955
ÆÞ¾îºñ½º,A263750,20200403,38300,38600,37560,38400,316595
ÆÞ¾îºñ½º,A263750,20200402,36300,38400,36060,38300,635645
ÆÞ¾îºñ½º,A263750,20200401,35300,37100,35100,35620,467205
ÆÞ¾îºñ½º,A263750,20200331,34780,36180,34780,35800,392135
ÆÞ¾îºñ½º,A263750,20200330,33760,35060,33200,34980,364650
ÆÞ¾îºñ½º,A263750,20200327,33060,34440,32640,34180,538910
ÆÞ¾îºñ½º,A263750,20200326,33560,33760,32800,32920,531555
ÆÞ¾îºñ½º,A263750,20200325,33980,34000,32200,33600,657860
ÆÞ¾îºñ½º,A263750,20200324,32300,33160,32100,33140,531700
ÆÞ¾îºñ½º,A263750,20200323,32400,33000,31380,31520,592605
ÆÞ¾îºñ½º,A263750,20200320,32740,33980,32740,33680,529825
ÆÞ¾îºñ½º,A263750,20200319,35320,35880,31600,32240,963755
ÆÞ¾îºñ½º,A263750,20200318,35380,36000,34020,34020,491110
ÆÞ¾îºñ½º,A263750,20200317,32020,35600,32020,35320,726580
ÆÞ¾îºñ½º,A263750,20200316,34000,36000,32960,33040,680930
ÆÞ¾îºñ½º,A263750,20200313,32400,34200,31200,32840,1195375
ÆÞ¾îºñ½º,A263750,20200312,34240,34280,31820,32200,427730
ÆÞ¾îºñ½º,A263750,20200311,34580,34920,33600,33920,208610
ÆÞ¾îºñ½º,A263750,20200310,33040,35600,33040,35200,378545
ÆÞ¾îºñ½º,A263750,20200309,35080,35080,33060,33700,428050
ÆÞ¾îºñ½º,A263750,20200306,35860,35940,35280,35580,148930
ÆÞ¾îºñ½º,A263750,20200305,35760,36260,35620,36040,219040
ÆÞ¾îºñ½º,A263750,20200304,35180,36080,35180,35780,217310
ÆÞ¾îºñ½º,A263750,20200303,35880,36080,35120,35120,203555
ÆÞ¾îºñ½º,A263750,20200302,35860,36160,35400,35420,232530
ÆÞ¾îºñ½º,A263750,20200228,35380,36020,34600,35440,325445
ÆÞ¾îºñ½º,A263750,20200227,35620,36300,35620,36040,251890
ÆÞ¾îºñ½º,A263750,20200226,35500,36200,35320,35960,177850
ÆÞ¾îºñ½º,A263750,20200225,35400,36060,35200,36020,219160
ÆÞ¾îºñ½º,A263750,20200224,36000,36100,35220,35580,269800
ÆÞ¾îºñ½º,A263750,20200221,35800,36380,35800,36200,157190
ÆÞ¾îºñ½º,A263750,20200220,36700,36840,36240,36240,209815
ÆÞ¾îºñ½º,A263750,20200219,36020,36860,35800,36800,427480
ÆÞ¾îºñ½º,A263750,20200218,36140,36320,35840,35880,160775
ÆÞ¾îºñ½º,A263750,20200217,36240,36260,35480,35840,342020
ÆÞ¾îºñ½º,A263750,20200214,37400,38000,36020,36200,850960
ÆÞ¾îºñ½º,A263750,20200213,37960,39200,37060,38280,448725
ÆÞ¾îºñ½º,A263750,20200212,37220,38160,37220,37780,136055
ÆÞ¾îºñ½º,A263750,20200211,38200,38560,37860,38300,118370
ÆÞ¾îºñ½º,A263750,20200210,37320,38340,37140,37860,131810
ÆÞ¾îºñ½º,A263750,20200207,37220,38280,37080,38000,222705
ÆÞ¾îºñ½º,A263750,20200206,36720,37580,36380,37580,175310
ÆÞ¾îºñ½º,A263750,20200205,36840,37160,36320,36320,159125
ÆÞ¾îºñ½º,A263750,20200204,36260,36820,36060,36820,215330
ÆÞ¾îºñ½º,A263750,20200203,36000,36880,35900,36460,222135
ÆÞ¾îºñ½º,A263750,20200131,36880,36940,36320,36320,185980
ÆÞ¾îºñ½º,A263750,20200130,36860,37140,36300,36500,201330
ÆÞ¾îºñ½º,A263750,20200129,37260,37540,36700,37100,216970
ÆÞ¾îºñ½º,A263750,20200128,37440,38000,37100,37100,287705
ÆÞ¾îºñ½º,A263750,20200123,36600,38860,36360,38660,532460
ÆÞ¾îºñ½º,A263750,20200122,36380,36780,36100,36660,256970
ÆÞ¾îºñ½º,A263750,20200121,37320,37360,36360,36360,326870
ÆÞ¾îºñ½º,A263750,20200120,38600,38880,36840,36840,360595
ÆÞ¾îºñ½º,A263750,20200117,38000,38940,37880,38940,210250
ÆÞ¾îºñ½º,A263750,20200116,39000,39280,37700,38020,284590
ÆÞ¾îºñ½º,A263750,20200115,39480,39860,38880,39000,276780
ÆÞ¾îºñ½º,A263750,20200114,39720,40220,39220,39860,290915
ÆÞ¾îºñ½º,A263750,20200113,38100,39700,37820,39700,446505
ÆÞ¾îºñ½º,A263750,20200110,37380,38300,36800,38300,304090
ÆÞ¾îºñ½º,A263750,20200109,36560,37220,36320,37220,207690
ÆÞ¾îºñ½º,A263750,20200108,36000,36700,35800,36600,344735
ÆÞ¾îºñ½º,A263750,20200107,36200,36760,35980,36000,273370
ÆÞ¾îºñ½º,A263750,20200106,37100,37220,36060,36160,265840
ÆÞ¾îºñ½º,A263750,20200103,36880,37500,36600,37140,303045
ÆÞ¾îºñ½º,A263750,20200102,37040,37040,36440,36480,195520
ÆÞ¾îºñ½º,A263750,20191230,37200,37560,37040,37040,119240
ÆÞ¾îºñ½º,A263750,20191227,37700,37860,37240,37380,192885
ÆÞ¾îºñ½º,A263750,20191226,36800,37700,36800,37700,200990
ÆÞ¾îºñ½º,A263750,20191224,37000,37440,36760,36800,153645
ÆÞ¾îºñ½º,A263750,20191223,36720,37200,36720,37200,122760
ÆÞ¾îºñ½º,A263750,20191220,36840,37400,36640,36960,243725
ÆÞ¾îºñ½º,A263750,20191219,36840,37300,36560,36720,220050
ÆÞ¾îºñ½º,A263750,20191218,37660,37660,36720,36900,301635
ÆÞ¾îºñ½º,A263750,20191217,37940,38060,37060,37800,343930
ÆÞ¾îºñ½º,A263750,20191216,38760,38760,37440,37640,412665
ÆÞ¾îºñ½º,A263750,20191213,38600,38980,38160,38400,209295
ÆÞ¾îºñ½º,A263750,20191212,37180,38780,36800,38500,451265
ÆÞ¾îºñ½º,A263750,20191211,37140,38060,36720,36920,207860
ÆÞ¾îºñ½º,A263750,20191210,37900,37920,37020,37540,204780
ÆÞ¾îºñ½º,A263750,20191209,38540,38780,37900,37900,177430
ÆÞ¾îºñ½º,A263750,20191206,38700,38940,37920,38800,177455
ÆÞ¾îºñ½º,A263750,20191205,38880,38880,38200,38340,193955
ÆÞ¾îºñ½º,A263750,20191204,37220,38520,37220,38340,136815
ÆÞ¾îºñ½º,A263750,20191203,37920,38080,37080,37700,184120
ÆÞ¾îºñ½º,A263750,20191202,37000,38240,37000,37920,340875
ÆÞ¾îºñ½º,A263750,20191129,36780,37240,36580,37060,220065
ÆÞ¾îºñ½º,A263750,20191128,36700,37040,36140,36540,246220
ÆÞ¾îºñ½º,A263750,20191127,36500,37260,36120,37160,287995
ÆÞ¾îºñ½º,A263750,20191126,36000,37040,35880,36240,586070
ÆÞ¾îºñ½º,A263750,20191125,35600,36400,35460,36120,384085
ÆÞ¾îºñ½º,A263750,20191122,36060,36500,35560,35580,280345
ÆÞ¾îºñ½º,A263750,20191121,36220,36560,35400,35580,350930
ÆÞ¾îºñ½º,A263750,20191120,37500,37800,35960,36220,597410
ÆÞ¾îºñ½º,A263750,20191119,38080,38160,37120,37500,400350
ÆÞ¾îºñ½º,A263750,20191118,39660,39800,37800,38320,728990
ÆÞ¾îºñ½º,A263750,20191115,39800,39820,39200,39680,213570
ÆÞ¾îºñ½º,A263750,20191114,40900,41360,37660,39800,783265
ÆÞ¾îºñ½º,A263750,20191113,41300,41460,40560,40960,182725
ÆÞ¾îºñ½º,A263750,20191112,41160,41660,40640,41200,238500
ÆÞ¾îºñ½º,A263750,20191111,39920,41060,39660,40800,258335
ÆÞ¾îºñ½º,A263750,20191108,39760,40200,38120,39980,435495
ÆÞ¾îºñ½º,A263750,20191107,40180,40200,38100,39380,797405
ÆÞ¾îºñ½º,A263750,20191106,41600,41880,40460,40600,388730
ÆÞ¾îºñ½º,A263750,20191105,42620,43440,41080,41580,436935
ÆÞ¾îºñ½º,A263750,20191104,44080,44400,42820,43000,189820
ÆÞ¾îºñ½º,A263750,20191101,43400,44240,42960,44000,160575
ÆÞ¾îºñ½º,A263750,20191031,43800,44000,43080,43320,208160
ÆÞ¾îºñ½º,A263750,20191030,45000,45580,42780,43760,970290
ÆÞ¾îºñ½º,A263750,20191029,42960,43260,41980,42400,197970
ÆÞ¾îºñ½º,A263750,20191028,42200,42960,41400,42500,172715
ÆÞ¾îºñ½º,A263750,20191025,41320,43240,41320,42600,245100
ÆÞ¾îºñ½º,A263750,20191024,40800,41660,40320,41660,210670
ÆÞ¾îºñ½º,A263750,20191023,41400,41600,40720,41100,218405
ÆÞ¾îºñ½º,A263750,20191022,41700,41760,40800,41400,221330
ÆÞ¾îºñ½º,A263750,20191021,41300,41640,41060,41600,112190
ÆÞ¾îºñ½º,A263750,20191018,41400,41780,41320,41500,171155
ÆÞ¾îºñ½º,A263750,20191017,39880,41460,39660,41340,235595
ÆÞ¾îºñ½º,A263750,20191016,39520,40000,39520,40000,135170
ÆÞ¾îºñ½º,A263750,20191015,39620,40240,39420,39540,210070
ÆÞ¾îºñ½º,A263750,20191014,40200,40380,39620,39920,117505
ÆÞ¾îºñ½º,A263750,20191011,39480,40500,39480,40160,82795
ÆÞ¾îºñ½º,A263750,20191010,39440,39980,39400,39940,79560
ÆÞ¾îºñ½º,A263750,20191008,39680,40140,39240,39980,169465
ÆÞ¾îºñ½º,A263750,20191007,40120,40580,39660,39800,164535
ÆÞ¾îºñ½º,A263750,20191004,41700,41700,40020,40600,222810
ÆÞ¾îºñ½º,A263750,20191002,40000,41760,40000,41080,282925
ÆÞ¾îºñ½º,A263750,20191001,39260,40180,39260,40180,128895
ÆÞ¾îºñ½º,A263750,20190930,39780,39960,39480,39600,118250
ÆÞ¾îºñ½º,A263750,20190927,39660,40100,39300,39800,105510
ÆÞ¾îºñ½º,A263750,20190926,39440,39980,39360,39660,149365
ÆÞ¾îºñ½º,A263750,20190925,39040,39840,39040,39420,158185
ÆÞ¾îºñ½º,A263750,20190924,39120,39600,38960,39260,186475
ÆÞ¾îºñ½º,A263750,20190923,39480,39500,39020,39120,75175
ÆÞ¾îºñ½º,A263750,20190920,39360,39460,38920,39420,146255
ÆÞ¾îºñ½º,A263750,20190919,38780,39480,38780,39200,145430
ÆÞ¾îºñ½º,A263750,20190918,38200,39300,38200,38760,245800
ÆÞ¾îºñ½º,A263750,20190917,38400,38660,38000,38460,150950
ÆÞ¾îºñ½º,A263750,20190916,39080,39480,37320,38400,395145
ÆÞ¾îºñ½º,A263750,20190911,39300,39700,38860,39080,223280
ÆÞ¾îºñ½º,A263750,20190910,40080,40200,38720,39320,237665
ÆÞ¾îºñ½º,A263750,20190909,40000,40440,39820,40080,234130
ÆÞ¾îºñ½º,A263750,20190906,40040,40660,39800,39800,255025
ÆÞ¾îºñ½º,A263750,20190905,39820,40240,39680,40000,304075
ÆÞ¾îºñ½º,A263750,20190904,38600,40020,38260,39680,324805
ÆÞ¾îºñ½º,A263750,20190903,38420,38900,37800,38820,355310
ÆÞ¾îºñ½º,A263750,20190902,38900,39380,38220,38740,256900
ÆÞ¾îºñ½º,A263750,20190830,37800,39240,37580,38940,571665
ÆÞ¾îºñ½º,A263750,20190829,36480,37200,35760,37200,281830
ÆÞ¾îºñ½º,A263750,20190828,36240,36520,35840,36520,186000
ÆÞ¾îºñ½º,A263750,20190827,35120,36000,35120,35980,224050
ÆÞ¾îºñ½º,A263750,20190826,36000,36200,34580,35000,389160
ÆÞ¾îºñ½º,A263750,20190823,35400,37220,35300,36840,336815
ÆÞ¾îºñ½º,A263750,20190822,35980,36400,35500,35500,216845
ÆÞ¾îºñ½º,A263750,20190821,35380,36100,34680,35980,284270
ÆÞ¾îºñ½º,A263750,20190820,34300,35320,34120,35040,170630
ÆÞ¾îºñ½º,A263750,20190819,34220,34460,33980,34400,177305
ÆÞ¾îºñ½º,A263750,20190816,34820,34820,33460,34000,238895
ÆÞ¾îºñ½º,A263750,20190814,35200,35560,34580,35160,165050
ÆÞ¾îºñ½º,A263750,20190813,34520,35600,34400,35120,260070
ÆÞ¾îºñ½º,A263750,20190812,34980,36140,34400,35000,366295
ÆÞ¾îºñ½º,A263750,20190809,35600,36600,34020,34560,705750
ÆÞ¾îºñ½º,A263750,20190808,32200,34800,32200,34400,452475
ÆÞ¾îºñ½º,A263750,20190807,32400,33200,31800,32140,314135
ÆÞ¾îºñ½º,A263750,20190806,32700,33960,32060,32460,431890
ÆÞ¾îºñ½º,A263750,20190805,34420,34960,33100,33200,346885
ÆÞ¾îºñ½º,A263750,20190802,34900,35480,34000,34780,397995
ÆÞ¾îºñ½º,A263750,20190801,34300,34900,33660,34440,249870
ÆÞ¾îºñ½º,A263750,20190731,33940,34620,33520,34320,237110
ÆÞ¾îºñ½º,A263750,20190730,33100,34000,33100,33660,199410
ÆÞ¾îºñ½º,A263750,20190729,34340,34340,33080,33080,283305
ÆÞ¾îºñ½º,A263750,20190726,34700,34880,34120,34320,215115
ÆÞ¾îºñ½º,A263750,20190725,34760,35260,34500,34700,231355
ÆÞ¾îºñ½º,A263750,20190724,35220,35760,34700,34700,217490
ÆÞ¾îºñ½º,A263750,20190723,36040,36040,35420,35480,283215
ÆÞ¾îºñ½º,A263750,20190722,36480,37140,35980,36020,219260
ÆÞ¾îºñ½º,A263750,20190719,36880,37020,36020,36480,266885
ÆÞ¾îºñ½º,A263750,20190718,36800,37460,36520,36880,188165
ÆÞ¾îºñ½º,A263750,20190717,37140,37620,36700,37100,196425
ÆÞ¾îºñ½º,A263750,20190716,37620,38080,37140,37140,235855
ÆÞ¾îºñ½º,A263750,20190715,38260,38760,37600,37600,353215
ÆÞ¾îºñ½º,A263750,20190712,38140,39000,38000,38260,266945
ÆÞ¾îºñ½º,A263750,20190711,39800,39800,37900,38500,491010
ÆÞ¾îºñ½º,A263750,20190710,40140,40200,39560,39800,124025
ÆÞ¾îºñ½º,A263750,20190709,39800,40180,39500,39500,154515
ÆÞ¾îºñ½º,A263750,20190708,39920,39960,38940,39720,182755
ÆÞ¾îºñ½º,A263750,20190705,40400,40400,39480,39720,102200
ÆÞ¾îºñ½º,A263750,20190704,39220,40120,39060,40080,239165
ÆÞ¾îºñ½º,A263750,20190703,40820,40820,39480,39780,347390
ÆÞ¾îºñ½º,A263750,20190702,40440,41780,40200,40940,292765
ÆÞ¾îºñ½º,A263750,20190701,42460,42600,40060,40700,455100
ÆÞ¾îºñ½º,A263750,20190628,42440,42920,42000,42460,199405
ÆÞ¾îºñ½º,A263750,20190627,42360,42900,42160,42460,218990
ÆÞ¾îºñ½º,A263750,20190626,42500,43000,41460,42320,420065
ÆÞ¾îºñ½º,A263750,20190625,44060,44060,41940,42640,638560
ÆÞ¾îºñ½º,A263750,20190624,44840,44920,43200,44340,384850
ÆÞ¾îºñ½º,A263750,20190621,45180,45380,44600,44700,358575
ÆÞ¾îºñ½º,A263750,20190620,45540,45540,44660,45180,273440
ÆÞ¾îºñ½º,A263750,20190619,45380,46160,44680,44940,395750
ÆÞ¾îºñ½º,A263750,20190618,45560,45660,44500,44800,251265
ÆÞ¾îºñ½º,A263750,20190617,44940,45260,44420,45260,287845
ÆÞ¾îºñ½º,A263750,20190614,44580,45280,43900,44840,504315
ÆÞ¾îºñ½º,A263750,20190613,42700,45340,42600,44280,1119790
ÆÞ¾îºñ½º,A263750,20190612,41500,42660,40980,42300,556020
ÆÞ¾îºñ½º,A263750,20190611,42380,42380,40640,41260,258910
ÆÞ¾îºñ½º,A263750,20190610,40940,42040,40600,41800,423405
ÆÞ¾îºñ½º,A263750,20190607,39200,40480,39180,40460,379485
ÆÞ¾îºñ½º,A263750,20190605,39580,40460,39000,39220,350350
ÆÞ¾îºñ½º,A263750,20190604,39780,40300,38900,39020,305295
ÆÞ¾îºñ½º,A263750,20190603,39540,39860,39240,39780,243090
ÆÞ¾îºñ½º,A263750,20190531,39300,39640,39000,39540,229980
ÆÞ¾îºñ½º,A263750,20190530,38600,39640,38460,39280,186765
ÆÞ¾îºñ½º,A263750,20190529,39680,39680,38140,39000,371300
ÆÞ¾îºñ½º,A263750,20190528,38240,39880,38240,39880,616760
ÆÞ¾îºñ½º,A263750,20190527,38260,38980,37200,38180,437950
ÆÞ¾îºñ½º,A263750,20190524,38600,39100,37840,38900,312950
ÆÞ¾îºñ½º,A263750,20190523,39040,39240,38380,38940,282865
ÆÞ¾îºñ½º,A263750,20190522,38280,39460,38120,39080,1032845
ÆÞ¾îºñ½º,A263750,20190521,35620,38020,35620,38000,877870
ÆÞ¾îºñ½º,A263750,20190520,36700,37160,35680,36120,507155
ÆÞ¾îºñ½º,A263750,20190517,36560,36860,36140,36480,468565
ÆÞ¾îºñ½º,A263750,20190516,36220,36800,36100,36460,267505
ÆÞ¾îºñ½º,A263750,20190515,35780,37020,35560,36500,516405
ÆÞ¾îºñ½º,A263750,20190514,35280,36160,35040,35620,502220
ÆÞ¾îºñ½º,A263750,20190513,34020,36340,34020,35800,986375
ÆÞ¾îºñ½º,A263750,20190510,33500,34380,33500,33940,476210
ÆÞ¾îºñ½º,A263750,20190509,34640,35100,33500,33560,383980
ÆÞ¾îºñ½º,A263750,20190508,33020,35100,33000,35100,673380
ÆÞ¾îºñ½º,A263750,20190507,33760,34060,33380,33460,293695
ÆÞ¾îºñ½º,A263750,20190503,34200,34720,33940,34000,195705
ÆÞ¾îºñ½º,A263750,20190502,34500,34840,34120,34200,247150
ÆÞ¾îºñ½º,A263750,20190430,34200,34900,34020,34860,385585
ÆÞ¾îºñ½º,A263750,20190429,34280,34700,33580,33980,304715
ÆÞ¾îºñ½º,A263750,20190426,33500,34060,33320,34000,314125
ÆÞ¾îºñ½º,A263750,20190425,34200,34380,33300,33520,466785
ÆÞ¾îºñ½º,A263750,20190424,34660,34740,34260,34300,299895
ÆÞ¾îºñ½º,A263750,20190423,35220,35300,33960,34520,504770
ÆÞ¾îºñ½º,A263750,20190422,35980,36360,35020,35060,346380
ÆÞ¾îºñ½º,A263750,20190419,36260,36520,35780,36020,248760
ÆÞ¾îºñ½º,A263750,20190418,37600,37660,35740,36360,528085
ÆÞ¾îºñ½º,A263750,20190417,36420,37520,36400,37480,391530
ÆÞ¾îºñ½º,A263750,20190416,37280,37340,36480,36720,313805
ÆÞ¾îºñ½º,A263750,20190415,37320,37440,36500,37340,1585440
ÆÞ¾îºñ½º,A263750,20190412,36780,37520,36740,37380,588960
ÆÞ¾îºñ½º,A263750,20190411,35880,36760,35500,36660,521455
ÆÞ¾îºñ½º,A263750,20190410,36400,36640,35880,36260,433545
ÆÞ¾îºñ½º,A263750,20190409,36400,36800,35820,36640,368635
ÆÞ¾îºñ½º,A263750,20190408,36580,36580,36180,36340,232905
ÆÞ¾îºñ½º,A263750,20190405,36240,36580,36000,36300,276470
ÆÞ¾îºñ½º,A263750,20190404,35620,36260,35500,36240,429180
ÆÞ¾îºñ½º,A263750,20190403,36520,36740,35020,35880,1928620
ÆÞ¾îºñ½º,A263750,20190402,33460,34460,33160,34140,535345
ÆÞ¾îºñ½º,A263750,20190401,33680,34380,33420,33440,407340
ÆÞ¾îºñ½º,A263750,20190329,33900,34240,33080,33600,1155040
ÆÞ¾îºñ½º,A263750,20190328,32020,37300,31240,34460,3019740
ÆÞ¾îºñ½º,A263750,20190327,32360,32380,31700,32140,273155
ÆÞ¾îºñ½º,A263750,20190326,31560,32380,31560,31980,400485
ÆÞ¾îºñ½º,A263750,20190325,32060,32340,31200,31560,533430
ÆÞ¾îºñ½º,A263750,20190322,32300,32700,31360,32460,831720
ÆÞ¾îºñ½º,A263750,20190321,33760,33760,31920,32440,1653285
ÆÞ¾îºñ½º,A263750,20190320,34300,34540,33500,34080,908285
ÆÞ¾îºñ½º,A263750,20190319,36000,36200,34600,34600,1139190
ÆÞ¾îºñ½º,A263750,20190318,37320,37720,36260,36780,620075
ÆÞ¾îºñ½º,A263750,20190315,36060,37060,35780,37060,607845
ÆÞ¾îºñ½º,A263750,20190314,37280,37280,35760,35980,720160
ÆÞ¾îºñ½º,A263750,20190313,36960,36960,35600,36900,713425
ÆÞ¾îºñ½º,A263750,20190312,37000,37560,36460,36820,914235
ÆÞ¾îºñ½º,A263750,20190311,35060,36460,35040,36460,1786365
ÆÞ¾îºñ½º,A263750,20190308,33860,34400,33580,34060,534250
ÆÞ¾îºñ½º,A263750,20190307,33560,35100,33560,33860,875890
ÆÞ¾îºñ½º,A263750,20190306,33940,34340,33320,33360,842775
ÆÞ¾îºñ½º,A263750,20190305,33800,34380,33560,33940,599215
ÆÞ¾îºñ½º,A263750,20190304,35200,35200,33400,33480,2498380
ÆÞ¾îºñ½º,A263750,20190228,37100,37100,35640,36020,1240675
ÆÞ¾îºñ½º,A263750,20190227,38780,38780,36840,37100,2012285
ÆÞ¾îºñ½º,A263750,20190226,38120,39200,37540,38840,816705
ÆÞ¾îºñ½º,A263750,20190225,38600,39960,37620,37940,1157500
ÆÞ¾îºñ½º,A263750,20190222,38060,38320,37280,37600,410660
ÆÞ¾îºñ½º,A263750,20190221,38040,38180,37220,37600,316065
ÆÞ¾îºñ½º,A263750,20190220,37760,38340,37720,38100,287215
ÆÞ¾îºñ½º,A263750,20190219,37700,38200,37500,37620,288210
ÆÞ¾îºñ½º,A263750,20190218,37960,38000,37080,37620,421740
ÆÞ¾îºñ½º,A263750,20190215,40580,40580,37800,37840,839650
ÆÞ¾îºñ½º,A263750,20190214,39400,40740,38540,40580,665745
ÆÞ¾îºñ½º,A263750,20190213,39200,40580,39200,40380,343155
ÆÞ¾îºñ½º,A263750,20190212,39700,40340,39180,39400,148540
ÆÞ¾îºñ½º,A263750,20190211,39600,40400,39000,40000,207165
ÆÞ¾îºñ½º,A263750,20190208,39300,39980,39220,39660,148360
ÆÞ¾îºñ½º,A263750,20190207,38000,40080,38000,39900,575665
ÆÞ¾îºñ½º,A263750,20190201,39040,39040,37020,37800,506620
ÆÞ¾îºñ½º,A263750,20190131,38860,39560,38460,38660,270615
ÆÞ¾îºñ½º,A263750,20190130,38740,39260,38560,38860,182560
ÆÞ¾îºñ½º,A263750,20190129,39320,39520,38600,39020,186340
ÆÞ¾îºñ½º,A263750,20190128,39600,40440,39000,39640,184550
ÆÞ¾îºñ½º,A263750,20190125,38400,40400,38340,40040,410540
ÆÞ¾îºñ½º,A263750,20190124,37640,38300,37440,38300,148245
ÆÞ¾îºñ½º,A263750,20190123,37460,38140,37220,37620,157455
ÆÞ¾îºñ½º,A263750,20190122,37020,38000,37020,37720,157105
ÆÞ¾îºñ½º,A263750,20190121,37540,37560,36640,37160,205245
ÆÞ¾îºñ½º,A263750,20190118,36300,37880,36300,37440,328780
ÆÞ¾îºñ½º,A263750,20190117,38000,38000,36200,36280,630895
ÆÞ¾îºñ½º,A263750,20190116,38380,38860,37980,38040,316840
ÆÞ¾îºñ½º,A263750,20190115,38100,38420,37020,38420,570130
ÆÞ¾îºñ½º,A263750,20190114,40660,40720,38600,39060,587630
ÆÞ¾îºñ½º,A263750,20190111,41500,41500,40320,40660,304235
ÆÞ¾îºñ½º,A263750,20190110,41720,42540,41040,41220,444480
ÆÞ¾îºñ½º,A263750,20190109,39960,42400,39960,42380,312420
ÆÞ¾îºñ½º,A263750,20190108,41060,41060,39800,39920,254015
ÆÞ¾îºñ½º,A263750,20190107,40220,41320,39600,41000,357240
ÆÞ¾îºñ½º,A263750,20190104,40680,41000,39320,39800,593170
ÆÞ¾îºñ½º,A263750,20190103,40700,42200,40420,40600,271380
ÆÞ¾îºñ½º,A263750,20190102,43560,43560,40640,40660,375760
ÆÞ¾îºñ½º,A263750,20181228,40380,41660,40100,41580,222240
ÆÞ¾îºñ½º,A263750,20181227,41680,41760,40200,40360,230420
ÆÞ¾îºñ½º,A263750,20181226,40820,41900,39900,40880,337970
ÆÞ¾îºñ½º,A263750,20181224,40700,42420,40200,41600,569800
ÆÞ¾îºñ½º,A263750,20181221,38000,40600,37340,40580,850855
ÆÞ¾îºñ½º,A263750,20181220,36600,38240,35860,38000,277025
ÆÞ¾îºñ½º,A263750,20181219,35820,37260,35780,37000,232615
ÆÞ¾îºñ½º,A263750,20181218,34980,36000,34700,35780,177995
ÆÞ¾îºñ½º,A263750,20181217,35800,36180,35100,35560,180725
ÆÞ¾îºñ½º,A263750,20181214,37000,37380,35380,36260,245510
ÆÞ¾îºñ½º,A263750,20181213,36420,37780,36260,37360,372000
ÆÞ¾îºñ½º,A263750,20181212,34900,36700,34900,36400,243665
ÆÞ¾îºñ½º,A263750,20181211,34760,35340,34520,34940,250795
ÆÞ¾îºñ½º,A263750,20181210,37220,37220,34320,34400,716765
ÆÞ¾îºñ½º,A263750,20181207,37880,38020,36400,37220,287670
ÆÞ¾îºñ½º,A263750,20181206,38200,39780,37960,38000,704010
ÆÞ¾îºñ½º,A263750,20181205,38000,38800,37540,37840,194530
ÆÞ¾îºñ½º,A263750,20181204,38500,39200,38040,38800,170290
ÆÞ¾îºñ½º,A263750,20181203,38600,39300,38080,38660,222370
ÆÞ¾îºñ½º,A263750,20181130,39400,39560,37620,38400,504675
ÆÞ¾îºñ½º,A263750,20181129,39940,39940,39060,39400,231655
ÆÞ¾îºñ½º,A263750,20181128,39200,39420,38640,39400,171115
ÆÞ¾îºñ½º,A263750,20181127,38680,39400,37840,39180,286215
ÆÞ¾îºñ½º,A263750,20181126,36580,38900,36580,38860,388055
ÆÞ¾îºñ½º,A263750,20181123,36720,37280,36500,36720,208410
ÆÞ¾îºñ½º,A263750,20181122,37000,37100,36260,36620,233180
ÆÞ¾îºñ½º,A263750,20181121,37460,37460,36840,36960,202545
ÆÞ¾îºñ½º,A263750,20181120,37000,37960,36780,37640,267245
ÆÞ¾îºñ½º,A263750,20181119,37380,37720,36620,37460,306540
ÆÞ¾îºñ½º,A263750,20181116,37960,38200,37100,37680,325220
ÆÞ¾îºñ½º,A263750,20181115,37480,37820,36660,37820,216560
ÆÞ¾îºñ½º,A263750,20181114,37000,37960,37000,37340,232915
ÆÞ¾îºñ½º,A263750,20181113,37240,37300,35260,36980,615145
ÆÞ¾îºñ½º,A263750,20181112,41300,41300,36780,37240,1039965
ÆÞ¾îºñ½º,A263750,20181109,43280,43700,41020,41500,904025
ÆÞ¾îºñ½º,A263750,20181108,39820,41140,39800,41000,450210
ÆÞ¾îºñ½º,A263750,20181107,40220,40560,39200,39400,330035
ÆÞ¾îºñ½º,A263750,20181106,40360,40400,39600,40320,161345
ÆÞ¾îºñ½º,A263750,20181105,40680,40980,39620,40020,319815
ÆÞ¾îºñ½º,A263750,20181102,40520,41340,40100,41300,316975
ÆÞ¾îºñ½º,A263750,20181101,40800,41500,40340,40420,219370
ÆÞ¾îºñ½º,A263750,20181031,41200,41400,40000,41120,226560
ÆÞ¾îºñ½º,A263750,20181030,42000,42000,40640,41260,195840
ÆÞ¾îºñ½º,A263750,20181029,42240,42700,41020,41520,242930
ÆÞ¾îºñ½º,A263750,20181026,43060,43340,41600,41800,178325
ÆÞ¾îºñ½º,A263750,20181025,42200,43560,40740,43560,306550
ÆÞ¾îºñ½º,A263750,20181024,44020,44160,43000,43000,254905
ÆÞ¾îºñ½º,A263750,20181023,43020,44000,42580,43520,217720
ÆÞ¾îºñ½º,A263750,20181022,41900,43140,41720,43000,142640
ÆÞ¾îºñ½º,A263750,20181019,40900,42700,40800,42600,162720
ÆÞ¾îºñ½º,A263750,20181018,41600,41620,40820,41400,136460
ÆÞ¾îºñ½º,A263750,20181017,41780,42380,41160,41680,77685
ÆÞ¾îºñ½º,A263750,20181016,40820,42260,40820,41380,119170
ÆÞ¾îºñ½º,A263750,20181015,41700,41700,40420,41100,148325
ÆÞ¾îºñ½º,A263750,20181012,39500,41520,39480,41340,234110
ÆÞ¾îºñ½º,A263750,20181011,41800,41800,39420,39480,447365
ÆÞ¾îºñ½º,A263750,20181010,44160,44160,41780,41820,284370
ÆÞ¾îºñ½º,A263750,20181008,43100,44240,42600,43900,248905
ÆÞ¾îºñ½º,A263750,20181005,42620,42900,41760,42580,182045
ÆÞ¾îºñ½º,A263750,20181004,42980,43100,41520,42600,245445
ÆÞ¾îºñ½º,A263750,20181002,42800,43560,42720,42800,291320
ÆÞ¾îºñ½º,A263750,20181001,42520,43060,42320,42800,265315
ÆÞ¾îºñ½º,A263750,20180928,43580,43760,42500,42760,385410
ÆÞ¾îºñ½º,A263750,20180927,44700,44700,43540,43560,435685
ÆÞ¾îºñ½º,A263750,20180921,44500,44680,43940,44680,211125
ÆÞ¾îºñ½º,A263750,20180920,43700,44780,43600,43820,474765
ÆÞ¾îºñ½º,A263750,20180919,44000,44500,43460,43860,257390
ÆÞ¾îºñ½º,A263750,20180918,44100,44400,43400,44240,499445
ÆÞ¾îºñ½º,A263750,20180917,44200,44800,44080,44400,379645
ÆÞ¾îºñ½º,A263750,20180914,45400,45480,43740,44100,1330065
ÆÞ¾îºñ½º,A263750,20180913,47740,47900,45920,46380,828380
ÆÞ¾îºñ½º,A263750,20180912,49200,49200,47000,47900,535260
ÆÞ¾îºñ½º,A263750,20180911,49500,49860,48720,49360,396785
ÆÞ¾îºñ½º,A263750,20180910,48920,49840,48220,49440,389985
ÆÞ¾îºñ½º,A263750,20180907,48600,48620,47260,48560,929040
ÆÞ¾îºñ½º,A263750,20180906,46580,46920,45400,46660,634675
ÆÞ¾îºñ½º,A263750,20180905,47260,47260,45940,46020,571565
ÆÞ¾îºñ½º,A263750,20180904,48020,48540,47000,47280,655935
ÆÞ¾îºñ½º,A263750,20180903,50000,50100,47260,48000,916055
ÆÞ¾îºñ½º,A263750,20180831,49720,51000,49360,51000,728015
ÆÞ¾îºñ½º,A263750,20180830,51100,51400,49340,50980,931125
ÆÞ¾îºñ½º,A263750,20180829,51400,51460,50020,51400,583580
ÆÞ¾îºñ½º,A263750,20180828,51400,51400,49680,50600,603995
ÆÞ¾îºñ½º,A263750,20180827,50300,50920,49680,50800,434530
ÆÞ¾îºñ½º,A263750,20180824,49000,49740,48540,49740,233190
ÆÞ¾îºñ½º,A263750,20180823,49000,50340,48860,49740,392430
ÆÞ¾îºñ½º,A263750,20180822,49160,49240,48320,49000,244100
ÆÞ¾îºñ½º,A263750,20180821,47540,48880,47220,48840,392270
ÆÞ¾îºñ½º,A263750,20180820,48700,49520,46880,47140,433260
ÆÞ¾îºñ½º,A263750,20180817,48000,48200,46900,48100,236960
ÆÞ¾îºñ½º,A263750,20180816,48340,48360,46700,47560,624240
ÆÞ¾îºñ½º,A263750,20180814,47760,49280,47400,49280,696390
ÆÞ¾îºñ½º,A263750,20180813,48580,49380,46860,47380,622335
ÆÞ¾îºñ½º,A263750,20180810,46840,48220,46720,47520,798755
ÆÞ¾îºñ½º,A263750,20180809,44900,45560,44580,45280,256810
ÆÞ¾îºñ½º,A263750,20180808,45100,45620,44240,44680,201550
ÆÞ¾îºñ½º,A263750,20180807,45400,45800,44400,45040,172815
ÆÞ¾îºñ½º,A263750,20180806,46640,46640,45000,45020,184510
ÆÞ¾îºñ½º,A263750,20180803,45300,46740,45220,46560,262235
ÆÞ¾îºñ½º,A263750,20180802,44080,46100,44000,45680,405560
ÆÞ¾îºñ½º,A263750,20180801,43900,44000,43080,43900,229695
ÆÞ¾îºñ½º,A263750,20180731,43400,43840,43340,43800,126605
ÆÞ¾îºñ½º,A263750,20180730,44940,45360,43800,44180,144430
ÆÞ¾îºñ½º,A263750,20180727,44600,44960,44180,44940,163460
ÆÞ¾îºñ½º,A263750,20180726,44660,44980,43840,44580,198265
ÆÞ¾îºñ½º,A263750,20180725,46200,46900,43840,44220,365325
ÆÞ¾îºñ½º,A263750,20180724,46660,46820,45700,46160,257895
ÆÞ¾îºñ½º,A263750,20180723,47120,47900,45300,45700,438760
ÆÞ¾îºñ½º,A263750,20180720,46220,47300,45700,46920,233060
ÆÞ¾îºñ½º,A263750,20180719,46400,47340,46040,46540,435145
ÆÞ¾îºñ½º,A263750,20180718,45400,46580,45080,45700,188995
ÆÞ¾îºñ½º,A263750,20180717,46340,46600,45400,45740,171305
ÆÞ¾îºñ½º,A263750,20180716,47580,47580,46040,46200,208220
ÆÞ¾îºñ½º,A263750,20180713,46800,47900,46440,46800,332570
ÆÞ¾îºñ½º,A263750,20180712,43900,46980,43300,46660,841535
ÆÞ¾îºñ½º,A263750,20180711,43880,44300,43020,43760,237820
ÆÞ¾îºñ½º,A263750,20180710,43680,44360,43540,44300,324725
ÆÞ¾îºñ½º,A263750,20180709,41920,43360,41520,43360,292515
ÆÞ¾îºñ½º,A263750,20180706,41040,42040,40600,41920,303590
ÆÞ¾îºñ½º,A263750,20180705,42960,42960,40740,41400,513690
ÆÞ¾îºñ½º,A263750,20180704,43120,43720,41540,43160,517645
ÆÞ¾îºñ½º,A263750,20180703,44600,45600,43320,43800,282115
ÆÞ¾îºñ½º,A263750,20180702,45380,46000,44020,44020,281430
ÆÞ¾îºñ½º,A263750,20180629,43420,45100,42980,45000,351300
ÆÞ¾îºñ½º,A263750,20180628,42520,43600,42400,42980,220300
ÆÞ¾îºñ½º,A263750,20180627,43580,44160,43460,43700,197585
ÆÞ¾îºñ½º,A263750,20180626,43800,44160,42500,43400,324705
ÆÞ¾îºñ½º,A263750,20180625,45700,45800,44500,44580,250735
ÆÞ¾îºñ½º,A263750,20180622,43580,45600,43100,45520,497890
ÆÞ¾îºñ½º,A263750,20180621,43420,44180,43200,43240,222365
ÆÞ¾îºñ½º,A263750,20180620,43000,43900,41660,43580,342590
ÆÞ¾îºñ½º,A263750,20180619,42960,44400,42840,43000,421530
ÆÞ¾îºñ½º,A263750,20180618,43780,44300,41980,42960,410215
ÆÞ¾îºñ½º,A263750,20180615,43320,44600,42700,43900,675630
ÆÞ¾îºñ½º,A263750,20180614,40120,43780,40120,43320,1359260
ÆÞ¾îºñ½º,A263750,20180612,39400,40560,39400,40500,533595
ÆÞ¾îºñ½º,A263750,20180611,41000,41600,39540,39940,1019330
ÆÞ¾îºñ½º,A263750,20180608,42940,43140,42220,42620,397760
ÆÞ¾îºñ½º,A263750,20180607,41000,42960,40220,42960,927825
ÆÞ¾îºñ½º,A263750,20180605,42740,42940,40780,41000,732335
ÆÞ¾îºñ½º,A263750,20180604,42800,43480,42600,42900,503430
ÆÞ¾îºñ½º,A263750,20180601,44520,44600,42540,42680,973725
ÆÞ¾îºñ½º,A263750,20180531,46460,46600,44720,44720,3299035
ÆÞ¾îºñ½º,A263750,20180530,45400,45700,44640,45700,576570
ÆÞ¾îºñ½º,A263750,20180529,46520,46800,45700,45700,505440
ÆÞ¾îºñ½º,A263750,20180528,47360,47360,46020,46480,393785
ÆÞ¾îºñ½º,A263750,20180525,47200,47960,46440,47800,437815
ÆÞ¾îºñ½º,A263750,20180524,47480,47960,47200,47320,376265
ÆÞ¾îºñ½º,A263750,20180523,47000,47640,46800,47480,410515
ÆÞ¾îºñ½º,A263750,20180521,47840,48420,46800,46800,402520
ÆÞ¾îºñ½º,A263750,20180518,47580,48180,47400,48000,355425
ÆÞ¾îºñ½º,A263750,20180517,47400,47800,46480,47320,467390
ÆÞ¾îºñ½º,A263750,20180516,47420,47900,46380,47420,507385
ÆÞ¾îºñ½º,A263750,20180515,46380,47620,45360,47600,1039040
ÆÞ¾îºñ½º,A263750,20180514,45800,45960,43000,45180,1407675
ÆÞ¾îºñ½º,A263750,20180511,48480,50180,45580,46000,2095535
ÆÞ¾îºñ½º,A263750,20180510,48520,50280,47580,50280,482200
ÆÞ¾îºñ½º,A263750,20180509,48100,48620,47020,48620,390500
ÆÞ¾îºñ½º,A263750,20180508,50200,50580,47700,47820,731950
ÆÞ¾îºñ½º,A263750,20180504,51100,51800,50500,50720,264395
ÆÞ¾îºñ½º,A263750,20180503,50760,51700,49900,51400,314935
ÆÞ¾îºñ½º,A263750,20180502,51600,52280,50760,50760,368410
ÆÞ¾îºñ½º,A263750,20180430,51880,52340,50600,52280,361760
ÆÞ¾îºñ½º,A263750,20180427,51120,52000,50860,51460,298455
ÆÞ¾îºñ½º,A263750,20180426,51340,52080,50520,51100,329340
ÆÞ¾îºñ½º,A263750,20180425,50800,51600,50120,51300,497985
ÆÞ¾îºñ½º,A263750,20180424,52580,54120,51720,51720,591075
ÆÞ¾îºñ½º,A263750,20180423,51560,53460,50900,52500,687335
ÆÞ¾îºñ½º,A263750,20180420,50000,51440,49500,51200,472835
ÆÞ¾îºñ½º,A263750,20180419,51040,51700,49480,49800,489640
ÆÞ¾îºñ½º,A263750,20180418,49780,50740,49300,50500,556930
ÆÞ¾îºñ½º,A263750,20180417,50400,50880,49000,49200,563165
ÆÞ¾îºñ½º,A263750,20180416,51800,52140,49820,50500,825040
ÆÞ¾îºñ½º,A263750,20180413,50980,52940,50820,52200,534525
ÆÞ¾îºñ½º,A263750,20180412,51800,52600,50820,51360,636195
ÆÞ¾îºñ½º,A263750,20180411,49300,52200,49300,51920,1241585
ÆÞ¾îºñ½º,A263750,20180410,49780,50120,48320,48740,519035
ÆÞ¾îºñ½º,A263750,20180409,50140,51140,48740,50200,867850
ÆÞ¾îºñ½º,A263750,20180406,50620,50620,48040,49580,702440
ÆÞ¾îºñ½º,A263750,20180405,48960,51200,48960,50620,1051675
ÆÞ¾îºñ½º,A263750,20180404,48800,50160,48660,48800,966980
ÆÞ¾îºñ½º,A263750,20180403,47400,49100,47140,48500,701885
ÆÞ¾îºñ½º,A263750,20180402,46640,49240,46260,48160,1303665
ÆÞ¾îºñ½º,A263750,20180330,43220,45480,42800,45340,917800
ÆÞ¾îºñ½º,A263750,20180329,43240,43500,42260,43180,379965
ÆÞ¾îºñ½º,A263750,20180328,43440,43480,42420,43000,417955
ÆÞ¾îºñ½º,A263750,20180327,45360,45360,43980,43980,573560
ÆÞ¾îºñ½º,A263750,20180326,41600,44220,40920,44180,883115
ÆÞ¾îºñ½º,A263750,20180323,42280,42940,41600,41600,572880
ÆÞ¾îºñ½º,A263750,20180322,44280,44800,43400,43580,551080
ÆÞ¾îºñ½º,A263750,20180321,44640,45460,44200,44320,712630
ÆÞ¾îºñ½º,A263750,20180320,44200,45560,43860,44600,743235
ÆÞ¾îºñ½º,A263750,20180319,47400,47400,44420,44580,1587980
ÆÞ¾îºñ½º,A263750,20180316,47620,48920,47160,47600,1205905
ÆÞ¾îºñ½º,A263750,20180315,47960,48960,46820,47840,931435
ÆÞ¾îºñ½º,A263750,20180314,46340,48720,44900,47980,2527275
ÆÞ¾îºñ½º,A263750,20180313,48720,48800,46780,47000,1307615
ÆÞ¾îºñ½º,A263750,20180312,49620,50660,48600,49220,837800
ÆÞ¾îºñ½º,A263750,20180309,47560,49840,46720,48620,1290175
ÆÞ¾îºñ½º,A263750,20180308,46000,47900,45360,46820,1173150
ÆÞ¾îºñ½º,A263750,20180307,48980,49920,46500,46800,2105125
ÆÞ¾îºñ½º,A263750,20180306,53260,53360,47680,48340,2866850
ÆÞ¾îºñ½º,A263750,20180305,56200,57420,52400,52460,2976975
ÆÞ¾îºñ½º,A263750,20180302,49800,57060,48480,56840,5251510
ÆÞ¾îºñ½º,A263750,20180228,49560,51180,46920,48480,1669465
ÆÞ¾îºñ½º,A263750,20180227,48200,50380,47320,49560,1168320
ÆÞ¾îºñ½º,A263750,20180226,49300,49560,46620,47360,771255
ÆÞ¾îºñ½º,A263750,20180223,48760,49320,48280,48720,402030
ÆÞ¾îºñ½º,A263750,20180222,48740,49060,47900,48320,329305
ÆÞ¾îºñ½º,A263750,20180221,48960,49200,47380,48740,579255
ÆÞ¾îºñ½º,A263750,20180220,50700,50840,48580,48580,725285
ÆÞ¾îºñ½º,A263750,20180219,51260,51800,50400,51000,478915
ÆÞ¾îºñ½º,A263750,20180214,49200,50360,48100,50200,836270
ÆÞ¾îºñ½º,A263750,20180213,47180,49980,47160,48000,801455
ÆÞ¾îºñ½º,A263750,20180212,51000,51000,47980,48960,947910
ÆÞ¾îºñ½º,A263750,20180209,43960,48880,43600,46920,714430
ÆÞ¾îºñ½º,A263750,20180208,44760,47600,43700,46260,805555
ÆÞ¾îºñ½º,A263750,20180207,48400,49100,44000,44700,678175
ÆÞ¾îºñ½º,A263750,20180206,42200,47400,41000,46800,1774085
ÆÞ¾îºñ½º,A263750,20180205,50140,50600,45220,46000,1258150
ÆÞ¾îºñ½º,A263750,20180202,50340,51300,49420,51200,542920
ÆÞ¾îºñ½º,A263750,20180201,50940,51600,49560,50340,502705
ÆÞ¾îºñ½º,A263750,20180131,50000,51200,48120,50240,1096645
ÆÞ¾îºñ½º,A263750,20180130,51200,51840,50440,50880,603785
ÆÞ¾îºñ½º,A263750,20180129,53460,53660,51380,51700,952640
ÆÞ¾îºñ½º,A263750,20180126,51120,53980,51000,53920,925560
ÆÞ¾îºñ½º,A263750,20180125,50460,52040,49920,50420,799315
ÆÞ¾îºñ½º,A263750,20180124,51040,51380,50380,50660,375635
ÆÞ¾îºñ½º,A263750,20180123,51000,51660,50100,51040,550270
ÆÞ¾îºñ½º,A263750,20180122,52200,52240,50320,50580,498590
ÆÞ¾îºñ½º,A263750,20180119,53960,53960,50820,51760,453345
ÆÞ¾îºñ½º,A263750,20180118,53600,53880,51900,53440,557560
ÆÞ¾îºñ½º,A263750,20180117,53400,54400,52040,53020,716695
ÆÞ¾îºñ½º,A263750,20180116,49020,53580,49000,52580,1055015
ÆÞ¾îºñ½º,A263750,20180115,50540,50540,49220,49660,757025
ÆÞ¾îºñ½º,A263750,20180112,50960,51280,48420,50540,886560
ÆÞ¾îºñ½º,A263750,20180111,46640,50160,45980,49980,1274180
ÆÞ¾îºñ½º,A263750,20180110,45600,48180,45160,48180,1274355
ÆÞ¾îºñ½º,A263750,20180109,46980,47500,44620,45000,1135860
ÆÞ¾îºñ½º,A263750,20180108,48200,48760,46360,46760,790385
ÆÞ¾îºñ½º,A263750,20180105,47300,49120,45160,47840,1143470
ÆÞ¾îºñ½º,A263750,20180104,48840,49580,46200,46620,1195155
ÆÞ¾îºñ½º,A263750,20180103,49880,49880,46200,48320,1722670
ÆÞ¾îºñ½º,A263750,20180102,50420,53000,49000,49800,1024630
